-- phpMyAdmin SQL Dump
-- version 4.4.15.10
-- https://www.phpmyadmin.net
--
-- Host: localhost
-- Generation Time: Apr 25, 2020 at 08:59 AM
-- Server version: 10.2.31-MariaDB-log
-- PHP Version: 5.4.16

SET SQL_MODE = "NO_AUTO_VALUE_ON_ZERO";
SET time_zone = "+00:00";


/*!40101 SET @OLD_CHARACTER_SET_CLIENT=@@CHARACTER_SET_CLIENT */;
/*!40101 SET @OLD_CHARACTER_SET_RESULTS=@@CHARACTER_SET_RESULTS */;
/*!40101 SET @OLD_COLLATION_CONNECTION=@@COLLATION_CONNECTION */;
/*!40101 SET NAMES utf8mb4 */;

--
-- Database: `vh172223_ycsm`
--

-- --------------------------------------------------------

--
-- Table structure for table `accounts`
--

CREATE TABLE IF NOT EXISTS `accounts` (
  `id` int(11) unsigned NOT NULL,
  `account_admin` tinyint(3) unsigned NOT NULL,
  `login` varchar(255) COLLATE utf8_unicode_ci NOT NULL,
  `hash` varchar(255) COLLATE utf8_unicode_ci NOT NULL,
  `account_mobile_number` varchar(255) COLLATE utf8_unicode_ci NOT NULL,
  `account_date_reg` int(10) unsigned NOT NULL
) ENGINE=InnoDB AUTO_INCREMENT=11 DEFAULT CHARSET=utf8 COLLATE=utf8_unicode_ci;

--
-- Dumping data for table `accounts`
--

INSERT INTO `accounts` (`id`, `account_admin`, `login`, `hash`, `account_mobile_number`, `account_date_reg`) VALUES
(7, 1, 'mrgovor', '3ff080ce548b49c6e7cafb76b7d90519ed25e87b', '+7 (987) 830-30-16', 1479154116),
(8, 0, 'testerrr', '3ff080ce548b49c6e7cafb76b7d90519ed25e87b', '+7 (123) 123-12-33', 1479154281),
(9, 0, 'testqwe', '601f1889667efaebb33b8c12572835da3f027f78', '+7 (123) 121-23-31', 1480768725),
(10, 0, 'kartograf', '7c4a8d09ca3762af61e59520943dc26494f8941b', '+7 (963) 114-09-54', 1480769092);

-- --------------------------------------------------------

--
-- Table structure for table `cars_marks`
--

CREATE TABLE IF NOT EXISTS `cars_marks` (
  `car_mark` int(10) unsigned NOT NULL,
  `car_mark_name` varchar(255) COLLATE utf8_unicode_ci NOT NULL,
  `car_mark_url` varchar(255) COLLATE utf8_unicode_ci NOT NULL
) ENGINE=InnoDB AUTO_INCREMENT=61 DEFAULT CHARSET=utf8 COLLATE=utf8_unicode_ci;

--
-- Dumping data for table `cars_marks`
--

INSERT INTO `cars_marks` (`car_mark`, `car_mark_name`, `car_mark_url`) VALUES
(1, 'Acura', 'acura'),
(2, 'Alfa Romeo', 'alfa_romeo'),
(3, 'Aston Martin', 'aston_martin'),
(4, 'Audi', 'audi'),
(5, 'Bentley', 'bentley'),
(6, 'BMW', 'bmw'),
(7, 'Bugatti', 'bugatti'),
(8, 'Buick', 'buick'),
(9, 'Cadillac', 'cadillac'),
(10, 'Chery', 'chery'),
(11, 'Chevrolet', 'chevrolet'),
(12, 'Chrysler', 'chrysler'),
(13, 'Citroen', 'citroen'),
(14, 'Dacia', 'dacia'),
(15, 'Daewoo', 'daewoo'),
(16, 'Dodge', 'dodge'),
(17, 'Ferrari', 'ferrari'),
(18, 'Fiat', 'fiat'),
(19, 'Ford', 'ford'),
(20, 'GAZ', 'gaz'),
(21, 'Holden', 'holden'),
(22, 'Honda', 'honda'),
(23, 'Hyundai', 'hyundai'),
(24, 'Infiniti', 'infiniti'),
(25, 'Jaguar', 'jaguar'),
(26, 'Jeep', 'jeep'),
(27, 'Kia', 'kia'),
(28, 'Lada', 'lada'),
(29, 'Lamborghini', 'lamborghini'),
(30, 'Lancia', 'lancia'),
(31, 'Land Rover', 'land_rover'),
(32, 'Lexus', 'lexus'),
(33, 'Lotus', 'lotus'),
(34, 'Maserati', 'maserati'),
(35, 'Maybach', 'maybach'),
(36, 'Mazda', 'mazda'),
(37, 'Mercedes', 'mercedes'),
(38, 'Mercury', 'mercury'),
(39, 'Mini', 'mini'),
(40, 'Mitsubishi', 'mitsubishi'),
(41, 'Nissan', 'nissan'),
(42, 'Opel', 'opel'),
(43, 'Pagani', 'pagani'),
(44, 'Peugeot', 'peugeot'),
(45, 'Pontiac', 'pontiac'),
(46, 'Porshe', 'porshe'),
(47, 'Renault', 'renault'),
(48, 'Rolls Royce', 'rolls_royce'),
(49, 'Rover', 'rover'),
(50, 'Saab', 'saab'),
(51, 'Scion', 'scion'),
(52, 'Seat', 'seat'),
(53, 'Skoda', 'skoda'),
(54, 'Ssang Yong', 'ssang_yong'),
(55, 'Subaru', 'subaru'),
(56, 'Suzuki', 'suzuki'),
(57, 'Toyota', 'toyota'),
(58, 'Vauxhall', 'vauxhall'),
(59, 'Volkswagen', 'volkswagen'),
(60, 'Volvo', 'volvo');

-- --------------------------------------------------------

--
-- Table structure for table `chat`
--

CREATE TABLE IF NOT EXISTS `chat` (
  `game` int(10) unsigned NOT NULL,
  `p_uniq` int(10) unsigned NOT NULL,
  `text` text COLLATE utf8_unicode_ci NOT NULL,
  `date_send` int(10) unsigned NOT NULL
) ENGINE=InnoDB DEFAULT CHARSET=utf8 COLLATE=utf8_unicode_ci;

--
-- Dumping data for table `chat`
--

INSERT INTO `chat` (`game`, `p_uniq`, `text`, `date_send`) VALUES
(2, 1004, 'Дол', 1480171854),
(2, 1009, 'Ну че там?че там?', 1480175168),
(2, 1015, 'тут,почемц нетв марках Kia', 1480175799),
(1, 1017, 'Мож поедем уже?', 1480180838),
(1, 1022, 'эгегеййййй', 1480182829),
(1, 1020, '✌', 1480183124),
(1, 1023, 'Спрятались', 1480183623),
(1, 1017, 'Спрятались', 1480183797),
(1, 1002, 'Знаем ', 1480184091),
(1, 1017, 'Кто волк то', 1480184159),
(1, 1023, '373 номер а машина какая???', 1480184216),
(1, 1024, 'Сааб', 1480184269),
(1, 1020, 'Спрятались ', 1480184301),
(1, 1023, 'Хорошая машинка)))', 1480184302),
(1, 1024, 'Спасибо ', 1480184312),
(1, 1024, '2 машины спрятались ) что остальные делают?', 1480184341),
(1, 1017, 'Через сколько волка выпускают', 1480184369),
(1, 1023, 'Панику наводят))$', 1480184377),
(1, 1024, 'Через 11 минут ', 1480184380),
(1, 1018, 'Спрятались!', 1480184527),
(1, 1024, 'Давайте ) быстрее', 1480184571),
(1, 1024, 'Marlboro не видно что спрятались', 1480184690),
(1, 1018, 'Как отметится тогда', 1480184724),
(1, 1023, 'В статистике', 1480184748),
(1, 1024, 'Зайдите в статистику (цель) и нажмите спрятались ', 1480184759),
(1, 1024, 'У вас 4 минуты ', 1480184780),
(1, 1023, 'Снежинки,дадите прокатиться на саабе?)))', 1480184812),
(1, 1024, 'Водитель сказал зачем вам это ?)', 1480184832),
(1, 1018, 'Теперь видно что спрятались?', 1480184836),
(1, 1024, 'Да ', 1480184852),
(1, 1023, 'Для ощущения всей прелести тачки)))', 1480184864),
(1, 1024, 'Спросите потом у водителя )', 1480184893),
(1, 1023, 'Ок.в конце игры на парковке)))', 1480184922),
(1, 1002, 'как дела?', 1480184924),
(1, 1023, 'Сидим...ждем)))', 1480184942),
(1, 1024, '2109 В228УВ почему один не спратялся ?', 1480184946),
(1, 1018, 'Шикарно))) а у вас?))', 1480184952),
(1, 1023, 'Он не виноват)))', 1480184960),
(1, 1024, 'выехали ', 1480184989),
(1, 1023, 'Ураа) понеслась..', 1480185008),
(1, 1020, 'Сидим ждём ', 1480185032),
(1, 1002, 'охотник в пути', 1480185081),
(1, 1017, 'Пускай пивка захватит и шаурмы', 1480185110),
(1, 1002, 'берегитесь', 1480185132),
(1, 1022, 'сидим трясемся ', 1480185149),
(1, 1022, 'охотник гдеееее ты?', 1480185168),
(1, 1018, 'Да пиво было бы кстати)))', 1480185201),
(1, 1017, 'Вот и я про это ', 1480185220),
(1, 1002, 'крепитесь без пива', 1480185228),
(1, 1023, 'Лучше мандаринки, а то у нас закончились)', 1480185240),
(1, 0, 'Снежинки нашел Пивчики', 1480185305),
(1, 1024, 'Стояли не в квадрате !', 1480185329),
(1, 1019, 'В квадрате ', 1480185373),
(1, 1023, 'Расстрелять))))))', 1480185385),
(1, 0, 'Снежинки нашел Номера', 1480185400),
(1, 1017, 'Смертную казнь в России отменили', 1480185414),
(1, 1023, 'Ну ладанок)))', 1480185434),
(1, 1021, 'А что как быстро? Я напугаться ещё не успел))', 1480185439),
(1, 1023, 'Работают профессионалы)))', 1480185467),
(1, 1023, 'Три охотника-страшное дело)))', 1480185549),
(1, 1024, 'Да нет )', 1480185566),
(1, 1017, 'Да да', 1480185610),
(1, 1017, 'А че смайлики не работают', 1480185631),
(1, 1019, 'Нашли рио', 1480185651),
(1, 1024, 'Нажимайте что нашли ', 1480185697),
(1, 1017, 'Какую? Не кто меня не нашел', 1480185698),
(1, 1019, 'Рио подтверди', 1480185705),
(1, 1019, 'Другую рио', 1480185715),
(1, 1020, 'Писос вообще', 1480185744),
(1, 0, 'Пивчики нашел Бешеные белки', 1480185759),
(1, 1002, 'подойдите к ним скажите как подтвердить', 1480185790),
(1, 1017, 'Чёт как то быстро дело пошло', 1480185804),
(1, 1016, 'Зайчики плохо спрятались ))', 1480185839),
(1, 1020, 'Зато писосы писос как спрятались', 1480185858),
(1, 1024, '9- ку нашли ', 1480185864),
(1, 1022, 'а где охотник то? 9-ка', 1480185899),
(1, 1020, 'Еба, прям писос как пердомудую', 1480185906),
(1, 1020, 'А охотники же на аварийках катаются?', 1480185940),
(1, 1022, 'не вижу охотника который нас якобы нашел', 1480185942),
(1, 1019, 'Организаторы не ппислкдуйте нас', 1480185954),
(1, 1020, 'Го бухать', 1480185976),
(1, 0, 'Снежинки нашел Marlboro', 1480185991),
(1, 1024, 'Сорри 15', 1480185999),
(1, 1024, 'Это была 15-тая ', 1480186034),
(1, 1020, 'Курочку бы сейчас', 1480186100),
(1, 1017, 'Блин хотябы шавермы ', 1480186123),
(1, 1024, 'Хватит зайцы )', 1480186200),
(1, 1023, 'Я топографический кретин))', 1480186243),
(1, 1016, 'За шаурму скажу где я ', 1480186246),
(1, 1020, 'Мы за курочку признаемся', 1480186271),
(1, 1002, 'Около Фока гайцы тормозят', 1480186274),
(1, 1023, 'Я ща привезу))', 1480186275),
(1, 1020, 'С перьями', 1480186277),
(1, 1017, 'Чёт такое начало было грозное', 1480186355),
(1, 1016, 'Гайцы синих ловят тоже волки :)', 1480186385),
(1, 1023, 'Правильно делают', 1480186445),
(1, 1020, 'Где наша курочка?', 1480186485),
(1, 1024, 'Какая курочка ?', 1480186527),
(1, 1020, 'Мы же говорили, с перьями', 1480186546),
(1, 1016, 'Гриль ', 1480186547),
(1, 1020, 'Сам ты гриль)', 1480186559),
(1, 1019, 'Курицы атакуют', 1480186599),
(1, 1024, 'Ээээ', 1480186606),
(1, 1019, 'Я про тех что с перьями', 1480186683),
(1, 1019, 'Как атака зомби', 1480186707),
(1, 1024, 'Ну тогда ладно ', 1480186712),
(1, 1019, 'А мы пиво пьем', 1480186752),
(1, 1024, 'Ээээ', 1480186803),
(1, 1024, 'Как так ', 1480186810),
(1, 1020, 'Есть базар, побазарим чё кого', 1480186811),
(1, 1019, 'Рио отмечайтесь', 1480186909),
(1, 1019, 'Нашли ', 1480186924),
(1, 0, 'Пивчики нашел Йцукенгшщзх', 1480186926),
(1, 1019, 'Мы находим все рио', 1480186986),
(1, 1019, 'Нам нужны ещё рио ', 1480187017),
(1, 1024, 'Логан какого цвета ?', 1480187047),
(1, 1020, 'А тебе всё скажи)', 1480187067),
(1, 1020, 'Цвета бройлера', 1480187097),
(1, 1018, 'На ДПС поймали во дворах ))', 1480187175),
(1, 1024, 'В каких ?', 1480187232),
(1, 1018, 'Возле Фока ', 1480187253),
(1, 0, 'Бешеные белки нашел мокрые коленки', 1480187282),
(1, 1024, 'Блин 9-ка!!! Нечестная игра ', 1480187366),
(1, 1016, 'А что делать когда нашли?', 1480187518),
(1, 1024, 'Подтвердить ', 1480187566),
(1, 0, 'Номера нашел Бумер', 1480187617),
(1, 1020, 'Ещё 12 минут)', 1480187805),
(1, 1018, 'До конца?', 1480187843),
(1, 1019, 'Почему 12?', 1480187846),
(1, 1002, 'за последнего зайца дается 2 балла, ищите логан!!!', 1480187871),
(1, 1019, 'Ок', 1480187887),
(1, 1019, 'Принято ', 1480187893),
(1, 1020, 'Ищите бройлера!)', 1480187982),
(1, 1024, 'Ну что ни кто не может найти Логан ?', 1480188160),
(1, 1019, 'Пока нет', 1480188222),
(1, 1024, 'У нас ещё 1 час ', 1480188353),
(1, 1020, 'Мы сейчас кальян будем забивать)', 1480188384),
(1, 1024, 'Правильно игры посмотрите ) 2 часа на поиске даётся', 1480188408),
(1, 1020, 'Блин, воды нет. Привизите воду)', 1480188421),
(1, 1020, 'Бля. Привезите*', 1480188465),
(1, 1019, 'Говори адрес; щавель привезем', 1480188484),
(1, 1018, 'Как час', 1480188528),
(1, 1020, 'Ну тип мы в юбике', 1480188557),
(1, 1024, 'Мы в 21:30 выехали ! ', 1480188562),
(1, 1024, '+ 2 чача', 1480188570),
(1, 1024, 'Часа', 1480188583),
(1, 1024, 'Получается 23:30 конец игры ', 1480188629),
(1, 1018, 'Понятно ', 1480188647),
(1, 1024, 'А Логан точно в квадрате ! Мы все по 2 раза проехали', 1480188720),
(1, 1019, '30 минут начало же с момента выезда зайцев а не охотника ', 1480188735),
(1, 1019, '28 минут осталось', 1480188756),
(1, 1020, 'Мимо нас проезжали)', 1480188786),
(1, 1019, 'Кто проезжал?', 1480188889),
(1, 1020, 'Ты серьёзно?))))))', 1480188911),
(1, 1020, 'Может ещё сказать где именно проезжал?)', 1480188939),
(1, 1019, 'Да', 1480188951),
(1, 1019, '))))))', 1480188956),
(1, 1024, 'Да ', 1480188958),
(1, 1019, 'Нужен смайк', 1480188967),
(1, 1024, 'Логан найдись ', 1480189196),
(1, 1017, 'Сколько там до конца игры осталось?', 1480189223),
(1, 1019, '20', 1480189232),
(1, 1019, 'Замерз?', 1480189266),
(1, 1020, 'Сейчас фейерверки запускать будем)', 1480189301),
(1, 1017, 'Кушать хочется  ', 1480189303),
(1, 1017, 'Не стоит ты просто скажи где ты', 1480189331),
(1, 1024, 'Да ). Скажи ', 1480189445),
(1, 1024, 'Сколько раз мимо тебя проезжали ?', 1480189646),
(1, 1020, 'Раза 3', 1480189668),
(1, 1019, 'Где ты живёшь?', 1480189696),
(1, 1020, 'В центре', 1480189711),
(1, 1019, 'Когда ты в последний раз мыл машину?', 1480189785),
(1, 1020, 'Блин, вас 8 экипажей', 1480189866),
(1, 1020, 'Напрягитесь', 1480189873),
(1, 1024, 'Кто ?', 1480189876),
(1, 1024, 'Да половина стоит', 1480189890),
(1, 1024, 'Нашли', 1480189903),
(1, 1017, 'Кого нашли', 1480189936),
(1, 0, 'Снежинки нашел Пердомудоватые питухи-писосы', 1480189939),
(1, 1024, 'Доган', 1480189975),
(1, 1024, 'Логан', 1480189979),
(1, 1002, 'игра окончена!!! ждем всех на месте сбора', 1480190047),
(1, 0, '123', 1480773376),
(1, 0, 'qeweqw1111', 1480773507),
(1, 1002, '123', 1480773726),
(1, 0, '32', 1480773766),
(1, 1002, '321', 1480773818),
(1, 0, 'qwe', 1480774218),
(1, 0, '312', 1480774221),
(1, 1002, 'eqw', 1480774224),
(1, 1002, 'qwe', 1480777729),
(3, 1030, 'Привет ', 1480785366),
(3, 1031, 'Проверка', 1480785479),
(3, 1035, 'Всем привет', 1480785544),
(3, 1034, 'Привет', 1480785649),
(3, 1029, 'Привет', 1480785679),
(3, 1038, 'хай всем', 1480786693),
(3, 1038, 'Привет', 1480786694),
(3, 1032, 'Автогост64 мы все', 1480787546),
(3, 1038, 'мы тоже готовы', 1480787907),
(3, 1034, 'Мы готовы!', 1480787984),
(3, 1039, 'Ждем охотника!', 1480788254),
(3, 1039, 'Народ как дела? ))', 1480788290),
(3, 1034, 'Норм поворотники не работают ', 1480788367),
(3, 1030, 'Мы готовы!', 1480788558),
(3, 1033, 'Мы тоже)))', 1480788590),
(3, 1032, 'Долго ищите места', 1480788593),
(3, 1032, 'Автогост64 вы где', 1480788613),
(3, 1032, 'Вы нас не видели мы вас не знаем', 1480788646),
(3, 1030, 'Всё скажи вам ', 1480788660),
(3, 1030, 'За вами наблюдаем ', 1480788677),
(3, 1033, 'Блин', 1480788705),
(3, 1033, 'Ребят давай те быстрее', 1480788717),
(3, 1033, 'Холодно же в машине))', 1480788731),
(3, 1032, 'Унас самое шикарное место', 1480788731),
(3, 1038, 'печка в помощь', 1480788755),
(3, 1038, 'Телки в помощь', 1480788772),
(3, 1033, 'Ахах', 1480788788),
(3, 1030, 'Ну ну! Про тёлок!!!!', 1480788855),
(3, 1033, 'Девушки)))', 1480788882),
(3, 1031, 'Мы на месте', 1480788911),
(3, 1032, 'Долго прячитесь', 1480788936),
(3, 1031, 'Охотник выехал?', 1480788968),
(3, 1038, 'Рома давай быстрей', 1480788993),
(3, 1040, 'Сколько по времени играем ?', 1480789025),
(3, 1041, 'Всё', 1480789025),
(3, 1038, '2 часа', 1480789035),
(3, 1038, 'Или пока всех не найдут', 1480789046),
(3, 1039, 'Охотник выехал?', 1480789057),
(3, 0, 'охотник выехал', 1480789142),
(3, 0, '7 д нашел Одиночка', 1480789156),
(3, 0, '7 д нашел АСЫ', 1480789233),
(3, 1040, 'Рядом были ?', 1480789286),
(3, 0, 'Одиночка нашел четыресловавсекапсом', 1480789289),
(3, 1033, 'Конечно', 1480789319),
(3, 1030, 'Вы о чём?', 1480789344),
(3, 1033, 'Быстро нашли их чето)))', 1480789370),
(3, 1032, 'Ды прячутся просто плохо', 1480789398),
(3, 1038, 'Или просто под носом,что б быстрей первыми нашли', 1480789422),
(3, 1033, 'Ну да', 1480789527),
(3, 0, 'Одиночка нашел Luxe', 1480789544),
(3, 1039, 'А что так тихо?))))', 1480789759),
(3, 1031, 'Сидим потихоньку, че', 1480789792),
(3, 1034, 'Притаились', 1480789809),
(3, 1033, 'В тишине))', 1480789812),
(3, 1039, 'Вот и мы сидим не дышим))))))', 1480789828),
(3, 0, '7 д нашел Avto GOST', 1480789847),
(3, 1034, 'А почему вне игры солярис?', 1480789897),
(3, 1038, 'Это организатор', 1480789924),
(3, 0, 'Avto GOST нашел Qwerty', 1480789957),
(3, 1031, 'А время ктото отсчитывает?', 1480790342),
(3, 0, 'Одиночка нашел Кефирчик', 1480790350),
(3, 0, 'Qwerty нашел Бродяги', 1480790692),
(3, 1035, 'До скольки игра', 1480790743),
(3, 1035, '?', 1480790754),
(3, 1038, 'До 23:00', 1480790776),
(3, 1038, 'А так как найдут всех', 1480790784),
(3, 1035, 'Холодно однако)', 1480790814),
(3, 1033, 'Ребят прошу нас простить мы выбываем( нам срочно надо ехать. Спасибо всем за игру', 1480790815),
(3, 0, 'приезжайте на следующюю', 1480790987),
(3, 0, 'приезжайте на следующюю', 1480790990),
(3, 0, 'чет тишина', 1480791440),
(3, 0, 'чет тишина', 1480791471),
(3, 1034, 'Холодно же...', 1480791473),
(3, 0, '8 (987) 830-30-16 (солью зайцев -руб)', 1480791563),
(3, 1038, 'Они и так дороги', 1480791603),
(3, 1034, 'Чё?это не честно', 1480791616),
(3, 0, 'Это шутка', 1480791637),
(3, 1030, 'Зайчики  вы где?', 1480791653),
(3, 1032, 'А мы спрятались ', 1480791678),
(3, 1034, 'Зайчики в траймвайчиках)))', 1480791680),
(3, 1030, 'Мы едем к вам))', 1480791709),
(3, 1032, 'С мазаем в лодке', 1480791739),
(3, 1030, 'Ага ', 1480791761),
(3, 1032, 'А до скольки в тачках мерзнуть ', 1480791795),
(3, 1038, 'До последнего', 1480791832),
(3, 1032, 'Тогда до победного', 1480791888),
(3, 0, 'Одиночка нашел &quot;Омерзительная девятка&quot;', 1480791915),
(3, 1030, 'Не мёрзнете зайчишки. Включайте печки и аварийки  за одно))', 1480791926),
(3, 1032, 'Неее', 1480791948),
(3, 1032, 'Мы померзнем до победного ', 1480791965),
(3, 1032, 'Ты водитель штурмана травит че делать', 1480792006),
(3, 1032, 'А если не найдут фиксировать фото как прятались', 1480792149),
(3, 1032, 'Че все молчат', 1480792168),
(3, 1041, 'Я устал', 1480792179),
(3, 1038, 'Рома ты где?', 1480792193),
(3, 0, 'фин, вас нашли?', 1480792275),
(3, 1038, 'Вова ты тут?', 1480792292),
(3, 1032, 'Нет ', 1480792299),
(3, 1036, 'Тут', 1480792354),
(3, 1038, '10 657 почему без авариек?', 1480792357),
(3, 1032, 'Мы спрятались опупенно просто ', 1480792373),
(3, 1038, 'Ты где дорогой?', 1480792384),
(3, 1036, 'На них стою замерз', 1480792384),
(3, 1034, 'Мы писали у нас не работают', 1480792401),
(3, 1036, 'ЗавелсЯ греюсь', 1480792405),
(3, 1038, 'А где ты?', 1480792429),
(3, 1036, 'Тут', 1480792439),
(3, 1032, 'А те скажи', 1480792443),
(3, 1038, 'Долеко?', 1480792456),
(3, 1036, 'Ты видел из какого я села', 1480792469),
(3, 1036, 'В нем я и нахожусь', 1480792486),
(3, 1031, 'Охотник без авариек - дискволификация?', 1480792493),
(3, 0, 'Luxe нашел БорАкуДА', 1480792531),
(3, 1034, 'Нас нашел заяц и без аварийки так то', 1480792532),
(3, 1038, 'Если 10 657 то у них они не работают', 1480792636),
(3, 1035, 'Денис ты почему выбыл ?', 1480792689),
(3, 1034, '288', 1480792689),
(3, 1038, 'Мы не выбали мы решили больше не играть', 1480792724),
(3, 1038, '9 288 была без авариек?', 1480792769),
(3, 1035, 'А я так надеялся что ты нас найдёшь))))', 1480792775),
(3, 1038, 'Говори где ты приеду за тобой', 1480792818),
(3, 1034, 'Да она без аварийки подъехал', 1480792852),
(3, 1031, '10  657  при нас включил аварийки', 1480792882),
(3, 1032, 'Ну не работают у него они ', 1480792888),
(3, 1035, 'Мы стоим между малой и большой горной ))', 1480792889),
(3, 1032, 'Зайцы вы живы еще', 1480792915),
(3, 1035, 'Местами ', 1480792925),
(3, 1034, 'Может и включил только когда отьехал а подъехал без них', 1480792990),
(3, 1032, 'Походу одни уже померли у на ', 1480793002),
(3, 1032, 'Мы тоже заяся пока', 1480793022),
(3, 0, 'Avto GOST нашел Мы из села Поздюнивка', 1480793310),
(3, 1030, 'Нашли. Ура!', 1480793318),
(3, 1032, 'Автогост красава', 1480793334),
(3, 1032, 'А153кн красава держимся', 1480793420),
(3, 1035, 'Холодно только))', 1480793440),
(3, 1032, 'Согласе ', 1480793464),
(3, 1032, 'Дубак', 1480793472),
(3, 1032, 'И писать хочется', 1480793562),
(3, 1035, 'И пить', 1480793578),
(3, 1032, 'Не с этим норм все ток копить некуда уже', 1480793685),
(3, 1032, 'До 10 играем???', 1480793830),
(3, 1032, 'Или до победного', 1480793842),
(3, 1042, 'играйте', 1480794002),
(3, 1032, 'Да мыт играем ток холодно. Уже сноса сосульке отрываем.  ', 1480794121),
(3, 1030, 'Ну как зайци не замерзли ', 1480794319),
(3, 1032, 'Пока еще нет ', 1480794354),
(3, 1030, 'До скольки игра?', 1480794457),
(3, 1032, 'Не пали кантору солярис 099', 1480794470),
(3, 0, 'охотники, активнее)))', 1480794472),
(3, 0, 'охотники, активнее)))', 1480794498),
(3, 0, 'охотники, активнее)))', 1480794516),
(3, 1032, '15 минут дополнительно им', 1480794535),
(3, 1035, 'Охотники ищите активнее ))) 14))))))', 1480794560),
(3, 1030, 'Какого цвета машины остались?', 1480794562),
(3, 1035, 'Красивого )', 1480794578),
(3, 1039, 'Лид вы как? Дуба не дали?))))', 1480794615),
(3, 1032, 'Не 14 вообще не ищите', 1480794646),
(3, 1030, 'Охотники играют? Вас не видно ', 1480794758),
(3, 1032, 'Они дома чай пьют отогреваются ', 1480794803),
(3, 1030, 'Вот вот. И мы так думаем ', 1480794846),
(3, 1038, 'Даш мы дома давно', 1480794953),
(3, 1030, 'Короче домой пора. Все молчат ', 1480794966),
(3, 1034, 'Все у нас телефон сел.', 1480795009),
(3, 1034, 'И мы никого не можем найти', 1480795033),
(3, 1030, 'Организаторы! Кто в игре?', 1480795053),
(3, 1035, 'До скольки играем?', 1480795265),
(3, 1040, 'Уже в затоне', 1480795287),
(3, 1031, 'В затон едем?', 1480795322),
(3, 1039, 'Ищем ищем ребята))))', 1480795354),
(3, 0, 'после игры не разъезжайтесь, будет вручение призов и коллективное фото)))', 1480795424),
(3, 1030, 'Заааайки', 1480795467),
(3, 1030, 'Вы где?', 1480795477),
(3, 1032, 'Вам хорошо увас тепло а мы дубеем тут', 1480795509),
(3, 1032, 'У нас от мороза уже узоры на стеклах ', 1480795551),
(3, 1032, 'Акцент ты красавчик. Держимся с тобой', 1480795634),
(3, 1032, 'У меня водитель уде замерз в край', 1480795675),
(3, 1030, 'Акцент играет вообще? Молчит что-то ', 1480795858),
(3, 0, 'Одиночка нашел Фин', 1480795869),
(3, 1035, 'Играет играет', 1480795919),
(3, 0, 'игра окончена!!! ждем все на месте сбора!!!)))', 1480795966),
(3, 1035, 'Ништяк', 1480795982),
(4, 1047, 'Ааа', 1481385401),
(4, 1047, 'Бежим прятаться ', 1481385425),
(4, 1044, 'Всем привет ', 1481385689),
(4, 1046, 'Как дела?', 1481386238),
(4, 1053, 'Всем привет! ', 1481386296),
(4, 1046, 'Как на сайте нажать кнопку спрятаться?', 1481386520),
(4, 1047, 'Хз', 1481386652),
(4, 1044, 'Когда тебя зарегестрируюсь ты появишься в списке и кнопка активна будет!', 1481386962),
(4, 1061, 'А че прятаться можно', 1481388293),
(4, 1061, '?', 1481388377),
(4, 1058, 'Всем игрокам удачи', 1481388387),
(4, 1047, 'Место положение в чат кидаем))) ', 1481389141),
(4, 1049, 'Ребят давайте пошустрей прятаться ', 1481389421),
(4, 1061, 'А без фар стоять можно', 1481389463),
(4, 0, 'Можно без фар ', 1481389475),
(4, 1049, 'Давайте быстрее прячетесь ', 1481389575),
(4, 1043, 'Ребят, можно нас обнулить, у нас заяц не туда воткнулся ', 1481389770),
(4, 1061, 'Если зайца находит он меняет табличку на охотника и ищет тоже', 1481389978),
(4, 1057, 'прячтесь скорее', 1481390023),
(4, 1045, 'бубубу', 1481390108),
(4, 1050, 'А нас подтвердили?', 1481390195),
(4, 1044, 'Ребята что такое не пунктуальные??? Прячьтесь скорее!!!', 1481390407),
(4, 0, 'Скоро выйдут охотники. Поторопитесь!!', 1481390456),
(4, 1047, '6 машин шустрее!!! И мы едем за вами ', 1481390497),
(4, 1047, '5!!!осталось ', 1481390526),
(4, 1058, 'Игра началась?))', 1481390628),
(4, 0, 'Ещё нет', 1481390638),
(4, 1044, 'Черный дельфин, чини пока аварийку!!!!!!!!!!', 1481390657),
(4, 1049, 'Ребята давайте быстрее ', 1481390679),
(4, 1044, 'А мы знаем где калина стоит! Продадим инфо за 199 рублей!!', 1481390733),
(4, 1058, 'Игра началась?', 1481390754),
(4, 1058, 'Игра началась?', 1481390764),
(4, 1058, 'Как дела?', 1481390833),
(4, 1048, 'Все спрятались ? ', 1481390871),
(4, 1057, 'прячтесь скорее', 1481390897),
(4, 1044, 'Мы на Гвардейской 28 спрятались!)))', 1481391030),
(4, 1044, 'Ой, бля.....', 1481391039),
(4, 0, 'охотники выехали!!!', 1481391051),
(4, 1044, 'Урааааааа', 1481391059),
(4, 1057, 'урааа)))', 1481391070),
(4, 1044, 'Все прописали ЧиТы???', 1481391111),
(4, 1059, 'Спрятались', 1481391112),
(4, 1053, 'Один осьался', 1481391126),
(4, 1053, 'Ураа', 1481391173),
(4, 1058, 'Ааа наконец то))', 1481391265),
(4, 1045, 'Уррра', 1481391281),
(4, 1060, 'Такс всем привет ', 1481391351),
(4, 1044, 'Q', 1481391353),
(4, 1046, 'Вы где', 1481391422),
(4, 1051, 'Это будет долгая игра', 1481391442),
(4, 1059, 'Мы тут', 1481391445),
(4, 0, '7 д нашел Alf and co', 1481391466),
(4, 1046, 'Я вас вижу', 1481391524),
(4, 1059, 'Хде???', 1481391568),
(4, 0, '7 д нашел Hunter', 1481391577),
(4, 0, 'Бандерлоги нашел Тринарь', 1481391667),
(4, 1058, 'Охотники играйте по правилам не выходите из машин', 1481391716),
(4, 1061, 'А сколько по времени охотники будут искать зайцев', 1481391725),
(4, 1061, 'А сколько по времени охотники будут искать зайцев', 1481391735),
(4, 1061, 'А сколько по времени охотники будут искать зайцев', 1481391743),
(4, 1061, 'А сколько по времени охотники будут искать зайцев', 1481391750),
(4, 1061, 'А сколько по времени охотники будут искать зайцев', 1481391763),
(4, 1061, 'Ббб', 1481391766),
(4, 1058, '2 часа ', 1481391814),
(4, 1059, 'Или пока всех не найдут', 1481391888),
(4, 0, 'Hunter нашел Енотики', 1481391908),
(4, 0, 'Alf and co нашел Ежи', 1481391928),
(4, 0, '7 д нашел БорАкуДА', 1481391961),
(4, 1060, 'Нормальный такой старт дали охотники :D', 1481392044),
(4, 1049, 'Ребята а если один заяц увидал другого зайца в тот момент когда прятались, он же видел где спрятался. А когда его найдут он сразу приедит на то место где он видал зайца?', 1481392062),
(4, 1060, 'Именно ', 1481392080),
(4, 0, 'Hunter нашел Импровизация', 1481392085),
(4, 1060, 'Меня так на прошлой игре Хонда спалила ', 1481392094),
(4, 0, 'Alf and co нашел Avto GOST', 1481392094),
(4, 1060, 'Подло но справедливо ', 1481392107),
(4, 0, '7 д нашел 95 хохохо', 1481392265),
(4, 1045, '14 или 15 скажите номер', 1481392285),
(4, 0, 'Тринарь нашел Шпицы', 1481392390),
(4, 1045, '27500 подтвердите', 1481392401),
(4, 0, 'Hunter нашел Мокрые коленки', 1481392453),
(4, 0, 'Alf and co нашел Агурбан Бердяев', 1481392474),
(4, 0, 'не забываем переворачивать надпись заяц-охотник ', 1481392632),
(4, 0, 'Тринарь нашел Звезда', 1481392762),
(4, 1044, 'Где вы охотники? Скучно уже ((', 1481392784),
(4, 1044, 'Мы песни поём нас слышно если что!)))', 1481392807),
(4, 0, 'Мокрые коленки нашел Чёрный Дельфин', 1481392828),
(4, 1057, 'нас нашли', 1481392841),
(4, 1044, 'Увы ))', 1481392854),
(4, 0, 'Ежи нашел завчик', 1481392913),
(4, 1044, 'А почему 2109 вне игры?', 1481393352),
(4, 1053, 'Да кстати?) ', 1481393373),
(4, 0, 'Звезда нашел Восставшие из ADa', 1481393596),
(4, 1053, 'Мерседес нам два раза  в лобач светил)))) как не заметил))) ', 1481393755),
(4, 1044, 'А че нас не ищут???', 1481393840),
(4, 1056, 'А вы где?)', 1481393864),
(4, 1044, 'Восточный лос-Сантос))))', 1481393971),
(4, 1053, 'Зои косьмедемьянской 20', 1481394008),
(4, 1044, 'Неа ₽))', 1481394144),
(4, 0, 'напоминаем что за последнего зайца начисляется 2 балла', 1481394182),
(4, 1044, 'Ну ну )))', 1481394204),
(4, 0, 'После игры не разъезжайтесь. Собираемся на месте брифинга (после окончания игры)', 1481394466),
(4, 1044, 'С нами что ни кто играет?((((', 1481394969),
(4, 1047, ' мы уже все дома))) ', 1481395101),
(4, 1044, 'А ну мы тогда шашлык пока пожарим', 1481395169),
(4, 1047, 'Где?  Мы к вам ', 1481395200),
(4, 1044, 'Мы на гвардейской 28', 1481395258),
(4, 0, 'Ежи нашел Elshanka GTA Online', 1481396003),
(4, 0, 'игра окончена, ждем всех на брифе', 1481396161),
(4, 1047, 'А', 1481990898),
(5, 1068, 'Всем привет!', 1481992757),
(5, 1070, 'ВСЕМ ПРИВЕТ! ', 1481993253),
(5, 1068, 'Привет всем !', 1481993910),
(5, 1066, 'Привет ', 1481994039),
(5, 1072, 'Приувэт)))', 1481994630),
(5, 1063, 'Всем привет)', 1481994763),
(5, 1073, 'Охотники к вам просьба', 1481995427),
(5, 0, 'зайцы которых нашли обязательно переворачивайте наклейки!!!', 1481995940),
(5, 1074, 'мы скажем когда охотник выезжает!', 1481996114),
(5, 1075, 'Всем привет)', 1481996259),
(5, 1075, 'Я сегодня на поддержке))))', 1481996276),
(5, 1075, 'Как квадрат?', 1481996283),
(5, 1074, 'прячьтесь скорее!!!!!!', 1481996304),
(5, 1065, 'Че так долго', 1481996400),
(5, 1074, 'охотники уже хотят ехать', 1481996509),
(5, 1074, 'скорее', 1481996513),
(5, 1074, '4 минуты', 1481996549),
(5, 1067, 'Усё!', 1481996571),
(5, 1074, '5 машин скорее потверждайте место ', 1481996585),
(5, 1067, 'А как там, подьехать не далее 3х метров???', 1481996643),
(5, 1074, 'охотники выехали', 1481996654),
(5, 1074, 'да не более 3х метров', 1481996673),
(5, 0, 'Охотник выехал!!!!!!!!!!!!!', 1481996674),
(5, 0, 'прячтесь скорее!!!', 1481996788),
(5, 1068, 'Удачи всем ))', 1481996791),
(5, 1075, 'Все спрятались?)))', 1481996870),
(5, 1068, 'Дааааа)))', 1481996905),
(5, 1074, '3 машины не спрятались. 10 15 и нисан', 1481996934),
(5, 1063, 'Матиз так нечестно', 1481996953),
(5, 1071, 'Всм?', 1481996973),
(5, 1071, 'А че не честного??', 1481996999),
(5, 1068, 'Мы на гвардейской 28', 1481997000),
(5, 1074, 'эээээээ', 1481997028),
(5, 1071, 'Ежииик', 1481997072),
(5, 0, 'Заводные апельсины нашел Banda', 1481997115),
(5, 1072, '2110  нашли', 1481997143),
(5, 1071, 'А как охотники выехали а зайцы не все спрятались??', 1481997151),
(5, 1074, 'время потому что вышло', 1481997166),
(5, 1071, 'Зайцы прячьтесь быстрее', 1481997198),
(5, 1071, 'Че как дела?))', 1481997330),
(5, 1066, 'Ждём)', 1481997368),
(5, 1075, 'А что так тихо?))))', 1481997381),
(5, 1071, 'Чудо', 1481997386),
(5, 1074, 'кто 10 нашел?', 1481997391),
(5, 1071, ')))', 1481997411),
(5, 1075, '10 походу не ответила что её нашли ', 1481997425),
(5, 0, 'ежи, позвоните организаторам!!!', 1481997478),
(5, 1063, 'Номер дайте', 1481997503),
(5, 0, 'ежи, позвоните организаторам', 1481997512),
(5, 1063, 'Телефон сел напишите номер', 1481997539),
(5, 0, '89631140954', 1481997557),
(5, 1074, 'кто 10 нашел???? люди', 1481997604),
(5, 1072, 'Мы ', 1481997722),
(5, 1074, 'а почему 1 балл до сих пор', 1481997804),
(5, 1074, '10 потвердила?', 1481997814),
(5, 1074, 'у всех все норм?', 1481997999),
(5, 0, 'Отписываемся в чате кто кого нашел!!! неполадки с сайтом!', 1481998001),
(5, 1064, 'Ваз 2110 нашел рено', 1481998042),
(5, 1074, 'отметили', 1481998064),
(5, 0, 'Banda нашел Восставшие из ADa', 1481998089),
(5, 0, 'Отписываемся в чат кто и кого нашел!!! с сайтом беда!!!', 1481998271),
(5, 1065, 'Из за мороза полетел)', 1481998315),
(5, 0, 'походу)))', 1481998332),
(5, 1068, 'Ну как настроение народ ??', 1481998417),
(5, 1068, 'Мы на Гвардейской 28', 1481998516),
(5, 1071, 'Огонь)))', 1481998516),
(5, 1071, 'Смотрим фильм и пьём пиво))) ну кроме водителя) водитель по кока коле загоняется))', 1481998556),
(5, 1068, 'Мы на гвардейской 28', 1481998565),
(5, 1068, 'Мы на гвардейской 28', 1481998574),
(5, 1068, 'Мы на гвардейской 28', 1481998613),
(5, 1068, 'Мы на гвардейской 28', 1481998619),
(5, 1071, 'У него глюкануло???', 1481998628),
(5, 1068, 'Да скууучно', 1481998656),
(5, 1071, 'Ахахах', 1481998672),
(5, 1074, 'есть живые?', 1481998675),
(5, 1068, 'Мы живые )))', 1481998692),
(5, 1066, 'Ага', 1481998696),
(5, 1071, 'Ну само сабой мы)))', 1481998766),
(5, 1068, 'Сколько времени до конца игры ?', 1481998771),
(5, 0, 'игра длится до 23:40', 1481998806),
(5, 1067, 'До последнего зайца!', 1481998828),
(5, 1074, 'активнее!!!', 1481998887),
(5, 1071, 'Так до 23:40 или до последнего зайца???', 1481998960),
(5, 0, '23:40', 1481998985),
(5, 1073, 'А матиз спрятался в коробке из под спичек)) ХаХаХа', 1481998991),
(5, 1071, 'Ага ахахахах', 1481999026),
(5, 1071, 'Ищете нас в магазинах гроздь', 1481999036),
(5, 1071, 'Ахах', 1481999041),
(5, 0, 'Ежи нашел Swag', 1481999045),
(5, 1067, 'Админы, напоминает ситуацию на 3-ем жилучастке', 1481999046),
(5, 1071, 'Подсказка)))', 1481999052),
(5, 1067, 'Так что до последнего', 1481999063),
(5, 1071, 'А че там было?', 1481999065),
(5, 0, 'Восставшие из ADa нашел Crazy', 1481999079),
(5, 1072, 'Почему написано что мы одного нашли?', 1481999123),
(5, 1071, 'Говорят ', 1481999159),
(5, 1071, 'Программа тупит))', 1481999167),
(5, 1067, 'Убийцы, тогда из двух зайцев выбрали одного на победу', 1481999209),
(5, 1064, 'Сколько зайцев осталось? ', 1481999269),
(5, 1071, 'Бля) ну тогда как кто лучше спрятался)))', 1481999301),
(5, 1067, '4', 1481999310),
(5, 1067, 'Так это никто не выяснял))))', 1481999341),
(5, 0, 'Одиночка, учет баллов ведется, так что норм все, просто отписывайтесь в чат', 1481999351),
(5, 1071, 'Ну окей))', 1481999368),
(5, 0, 'осталось 4 зайца', 1481999451),
(5, 1071, 'Блин машин мало а игра длиться долго че то))', 1481999582),
(5, 1071, 'Охотники включите аварийки подалуйста))', 1481999656),
(5, 0, 'квадрат большой', 1481999726),
(5, 0, 'активнее ', 1481999814),
(5, 1071, 'Остался 1 час)))', 1481999879),
(5, 1071, 'А че будет если 4 зайца и останутся??', 1481999896),
(5, 1068, 'Пока один не останется наверно ', 1481999949),
(5, 0, 'продление времени', 1481999951),
(5, 1071, 'Яснооо))', 1482000060),
(5, 1071, 'Админы у вас как дела?)', 1482000259),
(5, 0, 'холодненько', 1482000286),
(5, 1073, 'Холоднооо', 1482000454),
(5, 1074, 'крепимся', 1482000463),
(5, 0, 'охотники, вы как там?', 1482000478),
(5, 1074, 'активнее ищем 4 зайцев!!!!!!', 1482000478),
(5, 1074, 'скорее', 1482000499),
(5, 1070, 'Теперь я знаю заводкой) блондинка из команды', 1482000556),
(5, 1068, 'Из охотников по ходу только 14 красная катается )', 1482000632),
(5, 1069, 'Ищем)))', 1482000712),
(5, 1068, 'Видели два раза ))))', 1482000739),
(5, 1071, 'Давай те ребят быстрее пиво кончается)))', 1482000769),
(5, 1063, 'Мы активно ищем', 1482000778),
(5, 1063, 'Только не находим пока)))', 1482000794),
(5, 1069, 'Мы привезли пивас, адрес говорите))', 1482000821),
(5, 1068, 'Гвардейская 28))))', 1482000839),
(5, 1069, 'Привезем))', 1482000851),
(5, 1071, 'Не не не', 1482000871),
(5, 1071, 'Нам везите))', 1482000892),
(5, 1069, 'А вы где??)))', 1482000922),
(5, 1068, 'А вы где сами?)', 1482001039),
(5, 1071, 'На игре)))', 1482001191),
(5, 1071, 'А вы?)) ахахахаха ', 1482001199),
(5, 1074, 'скорее', 1482001224),
(5, 1069, 'Уже запутались', 1482001272),
(5, 1068, 'Хм... столько охотников и уже час не могут найти 4-ых!', 1482001643),
(5, 1063, 'У матиз сел телефон', 1482001708),
(5, 1063, 'Мы их нашли', 1482001716),
(5, 1071, 'Ахахах', 1482001726),
(5, 0, 'Ежи нашел Убийцы Комаров', 1482001729),
(5, 1074, 'точно нашли?', 1482001736),
(5, 1063, 'Дааа', 1482001740),
(5, 1074, 'хорошо трех кроликов!!!!! ', 1482001835),
(5, 1065, 'Уде все че можно объездили', 1482001857),
(5, 1065, 'Да где они', 1482001876),
(5, 0, 'в квадрате))', 1482001958),
(5, 1074, 'давайте ишем!!!', 1482002091),
(5, 1068, 'На Гвардейской 28 смотрели???', 1482002233),
(5, 1066, 'Мы тут, где вы?', 1482002311),
(5, 1074, 'ребяткиииии ну активнее!', 1482002318),
(5, 1063, 'Мы нашли 15', 1482002376),
(5, 1063, 'Они застряли ', 1482002397),
(5, 1063, 'Мы помогаем', 1482002404),
(5, 1070, 'Завяжите мне глаза. Я проведу вас по заводскому с завязаными глазами. Блондинка из команды', 1482002421),
(5, 1068, 'За уши тянете?)', 1482002505),
(5, 1063, 'Уже', 1482002540),
(5, 1063, '15 не может отметить что их нашли. У них интернета нет', 1482002603),
(5, 1067, 'Интересно, где в этом квадрате точка без инета?)))', 1482002766),
(5, 1063, 'Интернета нет не потому что не ловит,а потому что возможно у кого то денег нет!', 1482002846),
(5, 1067, 'Ааа, это всё объясняет))', 1482002909),
(5, 1063, 'Почему только балл не поставили за 15 ', 1482002971),
(5, 1074, 'прога  глючит', 1482002992),
(5, 1074, 'мы ведем счет так', 1482002999),
(5, 1067, 'Надо переходить по старинке', 1482003096),
(5, 1071, 'И какой счёт?', 1482003099),
(5, 1067, 'Интереснее было', 1482003139),
(5, 1074, 'скорее всего ', 1482003153),
(5, 0, 'рено 3 балла, заводной апельсин 2 балла, форд, ниссан, 2110 по 1 баллу', 1482003200),
(5, 1063, 'Мы приору нашли)))', 1482003220),
(5, 0, 'Ежи нашел GTA ONLINE', 1482003235),
(5, 1070, 'Мы сливаемся) на работу завтра ', 1482003262),
(5, 1067, 'Чё, всё?))', 1482003338),
(5, 1067, 'Я один?)))', 1482003364),
(5, 1063, 'Мы вас ищем)', 1482003374),
(5, 1067, 'Ааа', 1482003479),
(5, 1071, 'Вааалнра где бэтмена телефон???', 1482003573),
(5, 0, 'еще пять минут', 1482003665),
(5, 1067, 'И мне ехать на точку сбора?', 1482003901),
(5, 0, 'игра окончена!!! ждем всех', 1482003943),
(6, 1077, 'Всем привет', 1482595224),
(6, 1082, 'привет', 1482596443),
(6, 1084, 'Приветик', 1482596682),
(6, 1083, 'Маловато как-то машин', 1482596963),
(6, 1085, 'всем хай', 1482597264),
(6, 1085, 'да нормааально', 1482597285),
(6, 0, 'все возвращаемся на бриффинг', 1482598767),
(6, 1087, 'Точно назад? ', 1482598924),
(6, 0, 'да', 1482598942),
(6, 1079, 'Обратно?', 1482599218),
(6, 1083, ' Почему ', 1482599238),
(6, 1087, 'Езжайте! Это не больно', 1482599256),
(6, 1083, 'Точно возврат? ', 1482599264),
(6, 0, 'кто охотники??????????', 1482599282),
(6, 1083, 'А кто их знает ', 1482599500),
(6, 1087, 'Привет 008', 1482599524),
(6, 1083, 'Привет спрятался? ', 1482599555),
(6, 1087, 'Нашли второго охотника', 1482599771),
(6, 1087, '?', 1482600027),
(6, 1083, 'Прячемся уже если не признаются ', 1482600070),
(6, 1087, 'Ну', 1482600080),
(6, 1087, 'А то скучно', 1482600087),
(6, 1083, 'Согласен ', 1482600095),
(6, 1087, 'А потом второму охотнику леща подарим', 1482600109),
(6, 1083, '))', 1482600135),
(6, 0, 'прячтесь зайцы, охотники наготове!!!', 1482600234),
(6, 1087, 'Кто второй? ', 1482600260),
(6, 1084, 'А снимите нас. Мы перепрячимся. Нас спалили ', 1482600323),
(6, 1087, 'А так можно? Нас трое уже спалили', 1482600408),
(6, 1083, 'Давайте же', 1482600413),
(6, 1087, 'Место тут рыбное', 1482600441),
(6, 1087, 'Тут будем', 1482600450),
(6, 1083, 'Уменя щас бенз кончиться ', 1482600464),
(6, 1083, 'Начинаем уже', 1482600476),
(6, 1087, 'Как так? ', 1482600476),
(6, 1087, 'Замерзнешь же', 1482600487),
(6, 1083, 'Плохая примета заправляться. Перед александрией заправился и охотника вытащил. Щас не стал рисковать. Лучше замерзнуть ', 1482600556),
(6, 1087, 'Логичная логика! Красавец', 1482600590),
(6, 1087, 'То есть ты в заброшенном машине сидишь? ', 1482600624),
(6, 1087, 'Заглушенной ', 1482600637),
(6, 1088, 'второго охотника вычислили. пусть останется на его совести. он это и так знает', 1482600654),
(6, 1087, 'Это грей видимо', 1482600697),
(6, 1083, 'Не пока есть все норм но если так пойдет дальше то....придеться ', 1482600703),
(6, 1087, 'Раз он вне игры', 1482600704),
(6, 1087, 'Бандерлоги вам дров привезти? ', 1482600731),
(6, 1083, 'Магарычь вези ', 1482600756),
(6, 1087, 'Алкашка-зло', 1482600832),
(6, 1083, 'Но пить не брошу ', 1482600862),
(6, 1083, 'Ну же 4 осталось ', 1482600887),
(6, 1087, 'Надеюсь ты не водитель', 1482600893),
(6, 1087, 'Три', 1482600897),
(6, 1083, 'Три!!!!? ', 1482600917),
(6, 1086, 'Трое осталось', 1482600928),
(6, 1087, 'Три машины еще не спрятались', 1482600935),
(6, 1086, 'Две', 1482600952),
(6, 1083, 'Девятка закапывается еще', 1482600955),
(6, 1077, 'Кто как спрятался', 1482600963),
(6, 1086, 'Девять сломалась', 1482600980),
(6, 1083, 'Место положение в чат кидаем))) ', 1482600981),
(6, 1087, 'Это разрисованная? ', 1482600985),
(6, 0, 'Дед мороз, вы прячетесь?', 1482600994),
(6, 1086, 'Да', 1482600997),
(6, 1087, 'Мы уже', 1482601004),
(6, 1087, 'Минут двадцать назад ', 1482601012),
(6, 0, 'а почему не показывает что вы спрятались?', 1482601032),
(6, 1087, 'Отмечено ', 1482601041),
(6, 1083, 'Дедуля давай!! ', 1482601044),
(6, 1087, 'Я его секретарь ', 1482601064),
(6, 1087, 'У нас пишет спрятался', 1482601075),
(6, 1083, 'Калина 09 и 103 все ни как', 1482601108),
(6, 1083, 'Ну жеж ', 1482601139),
(6, 0, 'дед мороз, вы не отмечены в статистике игры', 1482601165),
(6, 1087, 'Мы первые отметились ', 1482601239),
(6, 1087, 'Скрин насте кинула в вк', 1482601261),
(6, 1084, 'Мы не спрятались. А пишет что мы всё', 1482601292),
(6, 1077, 'Че так когда игра', 1482601295),
(6, 1083, 'Ближе к утру такими темпами', 1482601318),
(6, 1077, 'Уже пол часа прошло', 1482601336),
(6, 1082, 'давайте уже играть!', 1482601403),
(6, 1084, 'Мы спрятались', 1482601420),
(6, 0, 'дед мороз, ответьте на звонок', 1482601420),
(6, 1083, 'А если у меня немного не точно положение? Щас спалил это', 1482601454),
(6, 1083, 'Критично? ', 1482601463),
(6, 1084, 'Но отмеченно не там где спрятались', 1482601473),
(6, 1083, 'Метров 50 не там заяц на карте ', 1482601518),
(6, 1082, 'снегурка,я скучаю!!!', 1482601556),
(6, 1085, 'ждем мясца', 1482601600),
(6, 1087, 'Орги а теперь? ', 1482601604),
(6, 1077, 'Все го го давайте', 1482601632),
(6, 1077, 'А то щя снегурка уснет тут', 1482601641),
(6, 1082, 'ахах', 1482601655),
(6, 1087, 'Дед мороз спит уже', 1482601672),
(6, 1084, 'Позвоните мам', 1482601730),
(6, 1083, 'Когда уже старт то? ', 1482601762),
(6, 1087, ' Нуууууу', 1482601830),
(6, 1087, 'Девятка одна осталась ', 1482601842),
(6, 1087, 'Аллилуйя ', 1482601860),
(6, 1083, 'О как охотником стала ', 1482601869),
(6, 1084, 'А если номер не видно. А надпись заяц видно очень хорошо. Так можно?', 1482601890),
(6, 1082, 'начали?', 1482601901),
(6, 1084, 'Она сломалась.', 1482601911),
(6, 1087, 'Печаль', 1482601919),
(6, 1085, 'Всем удачи)) ', 1482601920),
(6, 1087, 'И вам', 1482601925),
(6, 1083, 'Тсссс!))))) ', 1482601948),
(6, 1083, 'Уважаемые организаторы!  За нами выехали? ', 1482601998),
(6, 1088, 'поехали', 1482602005),
(6, 1087, 'Класс', 1482602018),
(6, 1087, 'Даже пенсию ждать не пришлось', 1482602032),
(6, 1082, 'всем удачи', 1482602037),
(6, 0, 'ВНИМАНИЕ, ВНИМАНИЕ!!!!!!!!!!!!!!!!!!! ВМЕСТО ВАЗ 2109 ЕЗДИТ МАЗДА СЕРЕБРИСТАЯ!!!!!!!!!!!! БЕЗ НАКЛЕЕК!!!! ПО ВОПРОСАМ ЗВОНИТЕ ОРГАНИЗАТОРАМ!!!', 1482602068),
(6, 1082, 'почему без наклеек?', 1482602112),
(6, 1076, 'Номер мазды?', 1482602128),
(6, 1077, 'Пусть аварийки тогда включит чтоб видно было что он', 1482602155),
(6, 1082, 'на аварийке хоть?', 1482602155),
(6, 0, 'мазда на аварийках', 1482602197),
(6, 1083, 'Ждем мазду ', 1482602221),
(6, 0, 'Одиночка нашел Черный дельфин', 1482602240),
(6, 0, 'номер мазды 107', 1482602249),
(6, 1087, 'Заяц может около машины покурить? ', 1482602442),
(6, 0, 'да', 1482602459),
(6, 1087, 'Охотники все на аварийках?', 1482602544),
(6, 0, 'Колбаса! нашел GERTZ', 1482602640),
(6, 1087, 'Мазда ты был рядом ', 1482602641),
(6, 1084, 'До скольки игра', 1482602659),
(6, 1087, 'Вернись маааазда', 1482602690),
(6, 1082, 'бэтман мы тебя видим)))', 1482602747),
(6, 0, 'Одиночка нашел Дед мороз', 1482602834),
(6, 1083, 'Печалька ', 1482602928),
(6, 1087, 'Бандерлоги где вы? ', 1482602975),
(6, 1087, 'Везем вам магарычь', 1482602987),
(6, 1083, ')))', 1482603003),
(6, 1083, 'И дров ', 1482603033),
(6, 1087, 'И дров', 1482603077),
(6, 1087, 'Где ты ', 1482603082),
(6, 1088, 'рома разошелся', 1482603085),
(6, 1087, 'Рома как всегда ', 1482603118),
(6, 1083, 'У пагса', 1482603304),
(6, 0, 'Черный дельфин нашел снеговики', 1482603412),
(6, 0, 'Одиночка нашел Систематические гады', 1482603439),
(6, 1083, 'Вот это дела ', 1482603468),
(6, 0, 'Колбаса! нашел hunter', 1482603480),
(6, 1087, 'Вот это темп', 1482603511),
(6, 1088, 'ага', 1482603526),
(6, 1083, 'Жесть ', 1482603539),
(6, 1083, 'Приз хочу)) ', 1482603591),
(6, 1087, 'Ты прям захерился', 1482603607),
(6, 1083, 'Мерзну покрышки лечь щас буду ', 1482603646),
(6, 1083, 'Жечь', 1482603654),
(6, 1087, 'Держись', 1482603683),
(6, 1083, 'Kalina и 2115 сидим до последнего! Звать будут не едем))) ', 1482603780),
(6, 1088, 'ахахах не не не', 1482603822),
(6, 1085, 'у нас в машине термос с чаем и пирог с мясом)) Так что измором не возьмут.', 1482603848),
(6, 1088, 'вы как', 1482603851),
(6, 1088, 'в конце игры конкурс', 1482603904),
(6, 1087, 'Чай и пирог! Ждите', 1482603914),
(6, 1083, 'Серьезно собрались ', 1482603915),
(6, 1085, 'Ну мы не пьём, приходится есть)', 1482603976),
(6, 1083, 'Мы тоже Непьем. И не едим ((', 1482604024),
(6, 1083, 'Ждем деда мороза ', 1482604045),
(6, 1084, 'А мы самки щелкаем. И не скучаем', 1482604069),
(6, 1085, 'самок щелкаете? Людоеды)))', 1482604099),
(6, 1084, 'До конца игры сколько', 1482604103),
(6, 1083, 'Кто следующий? Ваши ставки господа ', 1482604116),
(6, 1087, 'Калина', 1482604143),
(6, 1085, 'да хз, у меня тут мимо дрон с вебкой пролетал))', 1482604146),
(6, 1084, 'Бывает. И такое', 1482604150),
(6, 1083, 'Охотники вы где? ', 1482604274),
(6, 1087, 'Едем', 1482604282),
(6, 1087, 'Одностороннее бесит ', 1482604292),
(6, 1088, 'охотники шустрей!!!!!', 1482604302),
(6, 1083, 'А у нас тут трехсторонее', 1482604352),
(6, 1083, 'Подсказка ', 1482604362),
(6, 1087, 'Капец', 1482604386),
(6, 1085, 'Админ, до скольки брачные игры зайчатины и охотников продлятся?', 1482604399),
(6, 1083, 'А в субботу будет игра ?', 1482604415),
(6, 0, 'Колбаса! нашел Бандерлоги', 1482604430),
(6, 1087, 'Чутка не доехали ', 1482604516),
(6, 1085, 'Накал страстей))', 1482604616),
(6, 1083, 'Нашли нас (', 1482604629),
(6, 1087, 'Мы видели ', 1482604649),
(6, 1087, 'Рядом были', 1482604656),
(6, 1088, 'счет команды 4:5', 1482604663),
(6, 1088, 'ищем шустрее', 1482604695),
(6, 1087, 'Что за команды? ', 1482604710),
(6, 1088, 'это узнаете позже', 1482604883),
(6, 1087, 'Интриги... Круть', 1482604928),
(6, 1088, 'ага', 1482604938),
(6, 1088, 'еще много сюрпризов сегодня', 1482604949),
(6, 1087, 'Ромка мы твою девятку нашли', 1482604974),
(6, 1087, 'Это считай побеДа)))) ', 1482604994),
(6, 1088, 'девятка отдыхает', 1482605000),
(6, 1087, 'Да мы знаем ', 1482605025),
(6, 0, 'Систематические гады нашел Завчик', 1482605143),
(6, 1088, 'тадам', 1482605151),
(6, 1085, 'Еееее', 1482605159),
(6, 1088, 'ищем последнего кролика', 1482605160),
(6, 0, 'ВНИМАНИЕ, ВНИМАНИЕ!!! СБОР ПОСЛЕ ИГРЫ ОКОЛО СТАДИОНА СПАРТАК НА ДЕГТЯРНАЯ/ГРИБОВА!!!', 1482605184),
(6, 1085, 'Админ, меня сколько искать.будут?)', 1482605257),
(6, 1087, 'Ты там походу окоп сдедал', 1482605395),
(6, 1085, 'Отнюдь', 1482605409),
(6, 0, 'игра окончена!!! ждем всех у стадиона СПАРТАК', 1482605436),
(6, 1083, 'Калина не поддавайся на провокации ', 1482605576),
(6, 1082, 'нашли его?', 1482605621),
(6, 1085, 'нас никто не нашел', 1482605909),
(6, 1090, ' Кинотеатры ', 1484411579),
(9, 0, 'qwe нашел test', 1551010231);

-- --------------------------------------------------------

--
-- Table structure for table `detect_list`
--

CREATE TABLE IF NOT EXISTS `detect_list` (
  `game` int(10) unsigned NOT NULL,
  `who_detect` int(10) unsigned NOT NULL,
  `detected` int(10) unsigned NOT NULL,
  `detect_time` int(10) unsigned NOT NULL,
  `detect_status` int(10) unsigned NOT NULL
) ENGINE=InnoDB DEFAULT CHARSET=utf8 COLLATE=utf8_unicode_ci;

--
-- Dumping data for table `detect_list`
--

INSERT INTO `detect_list` (`game`, `who_detect`, `detected`, `detect_time`, `detect_status`) VALUES
(1, 1024, 1019, 1480185305, 1),
(1, 1024, 1021, 1480185400, 1),
(1, 1019, 1023, 1480185759, 1),
(1, 1024, 1018, 1480185991, 1),
(1, 1019, 1017, 1480186926, 1),
(1, 1023, 1022, 1480187282, 1),
(1, 1021, 1016, 1480187617, 1),
(1, 1024, 1020, 1480189939, 1),
(3, 1037, 1041, 1480789156, 1),
(3, 1037, 1038, 1480789233, 1),
(3, 1041, 1027, 1480789289, 1),
(3, 1041, 1029, 1480789544, 1),
(3, 1037, 1030, 1480789847, 1),
(3, 1030, 1040, 1480789957, 1),
(3, 1041, 1039, 1480790350, 1),
(3, 1040, 1033, 1480790692, 1),
(3, 1037, 1032, 1480791807, 0),
(3, 1041, 1034, 1480791915, 1),
(3, 1029, 1031, 1480792531, 1),
(3, 1030, 1036, 1480793310, 1),
(3, 1041, 1032, 1480795869, 1),
(4, 1052, 1045, 1481391466, 1),
(4, 1052, 1048, 1481391577, 1),
(4, 1047, 1043, 1481391667, 1),
(4, 1048, 1061, 1481391908, 1),
(4, 1045, 1046, 1481391928, 1),
(4, 1052, 1051, 1481391961, 1),
(4, 1045, 1054, 1481392094, 1),
(4, 1048, 1050, 1481392085, 1),
(4, 1052, 1060, 1481392265, 1),
(4, 1043, 1055, 1481392390, 1),
(4, 1045, 1056, 1481392474, 1),
(4, 1048, 1059, 1481392453, 1),
(4, 1043, 1049, 1481392762, 1),
(4, 1046, 1057, 1481392913, 1),
(4, 1059, 1058, 1481392828, 1),
(4, 1049, 1053, 1481393596, 1),
(4, 1053, 1044, 1481393616, 0),
(4, 1046, 1044, 1481396003, 1),
(5, 1072, 1069, 1481997115, 1),
(5, 1069, 1070, 1481998089, 1),
(5, 1070, 1066, 1481999079, 1),
(5, 1063, 1065, 1481999045, 1),
(5, 1064, 1067, 1482000615, 0),
(5, 1063, 1071, 1482001729, 1),
(5, 1063, 1068, 1482003235, 1),
(5, 1063, 1073, 1482003763, 0),
(6, 1080, 1077, 1482602240, 1),
(6, 1086, 1079, 1482602640, 1),
(6, 1080, 1087, 1482602834, 1),
(6, 1080, 1076, 1482603439, 1),
(6, 1086, 1078, 1482603480, 1),
(6, 1077, 1082, 1482603412, 1),
(6, 1086, 1083, 1482604430, 1),
(6, 1076, 1084, 1482605143, 1),
(6, 1084, 1085, 1482606590, 0),
(6, 1083, 1085, 1482610544, 0),
(9, 1092, 1091, 1551010231, 1);

-- --------------------------------------------------------

--
-- Table structure for table `games`
--

CREATE TABLE IF NOT EXISTS `games` (
  `game` int(10) unsigned NOT NULL,
  `game_name` varchar(255) COLLATE utf8_unicode_ci NOT NULL,
  `game_border` text COLLATE utf8_unicode_ci NOT NULL,
  `timer_amount` int(10) unsigned NOT NULL,
  `timer_last_point` int(10) unsigned NOT NULL,
  `player_status_after_detect` tinyint(3) unsigned NOT NULL DEFAULT 3,
  `game_auto_choice` tinyint(3) unsigned NOT NULL,
  `game_date_register_start` int(10) unsigned NOT NULL,
  `game_date_register_finish` int(10) unsigned NOT NULL,
  `game_status` tinyint(3) unsigned NOT NULL,
  `bonus_points_for_last_rabbit` tinyint(4) NOT NULL
) ENGINE=InnoDB AUTO_INCREMENT=10 DEFAULT CHARSET=utf8 COLLATE=utf8_unicode_ci;

--
-- Dumping data for table `games`
--

INSERT INTO `games` (`game`, `game_name`, `game_border`, `timer_amount`, `timer_last_point`, `player_status_after_detect`, `game_auto_choice`, `game_date_register_start`, `game_date_register_finish`, `game_status`, `bonus_points_for_last_rabbit`) VALUES
(1, '', '[51.56755,46.06473],[51.57382,46.07344],[51.57819,46.07134],[51.57743,46.06808],[51.57262,46.0619],[51.56948,46.06181],[51.56915,46.06246],[51.56835,46.06286]', 0, 0, 3, 0, 0, 0, 0, 1),
(2, '', '[44.20839,43.14692],[44.21073,43.14696],[44.21276,43.14370],[44.21872,43.12786],[44.20054,43.11469],[44.19602,43.12683],[44.19454,43.12816],[44.18996,43.12992],[44.18810,43.13810]', 0, 0, 3, 0, 0, 0, 0, 1),
(3, 'Затонская', '[51.52866,46.06263],[51.52940,46.06205],[51.53002,46.06097],[51.53547,46.05633],[51.53681,46.06046],[51.53587,46.06135],[51.53574,46.06167],[51.53440,46.06271],[51.53420,46.06217],[51.53270,46.06405],[51.53157,46.06479],[51.53123,46.06494],[51.53210,46.06817],[51.53043,46.06938]', 0, 0, 3, 0, 0, 0, 0, 1),
(4, 'Молодежная', '[51.58863,45.92161],[51.58995,45.92229],[51.59268,45.92468],[51.59222,45.92708],[51.59218,45.93013],[51.59182,45.93824],[51.59146,45.93809],[51.58948,45.94352],[51.58880,45.94296],[51.58602,45.94176],[51.58839,45.92725]', 0, 0, 3, 0, 0, 0, 0, 1),
(5, '17.12.2016', '[51.49376,45.91970],[51.49189,45.92315],[51.49182,45.92556],[51.49103,45.92665],[51.49102,45.92854],[51.49016,45.93090],[51.48737,45.93088],[51.48737,45.92071],[51.48802,45.91744],[51.48939,45.91599],[51.49086,45.91487]', 0, 0, 3, 0, 0, 0, 0, 1),
(6, '24.12.2016', '[51.51971,46.01412],[51.52017,46.01393],[51.5209,46.01419],[51.52378,46.01592],[51.52531,46.01011],[51.52247,46.0058],[51.52263,46.00552],[51.52059,46.00242],[51.51795,46.00685],[51.51778,46.00692]', 0, 0, 3, 0, 0, 1491372293, 0, 1),
(7, '16.06.2017', '[51.50914,45.9821],[51.5089,45.98228],[51.50884,45.98228],[51.50873,45.98213],[51.50868,45.98211],[51.50778,45.98279],[51.50786,45.98369],[51.50853,45.98596],[51.50911,45.98733],[51.50932,45.98807],[51.50883,45.9884],[51.5094,45.99054],[51.51149,45.98927],[51.51078,45.98675],[51.51071,45.98656],[51.51061,45.98634],[51.51057,45.98625],[51.51046,45.98597],[51.50927,45.98199]', 1200, 0, 3, 0, 1497628800, 1497639600, 0, 0),
(8, '23.06.2017', '[51.53722,45.98357],[51.54086,45.98675],[51.54091,45.98669],[51.54090,45.98503],[51.54090,45.98474],[51.54097,45.98426],[51.54098,45.98410],[51.54097,45.98390],[51.54085,45.98328],[51.54096,45.97977],[51.54095,45.97969],[51.54079,45.97971],[51.54065,45.97966],[51.54006,45.97917],[51.54053,45.97614],[51.53966,45.97539],[51.53926,45.97658]', 900, 0, 1, 0, 0, 0, 0, 0),
(9, '12345', '[51.53722,45.98357],[51.54086,45.98675],[51.54091,45.98669],[51.54090,45.98503],[51.54090,45.98474],[51.54097,45.98426],[51.54098,45.98410],[51.54097,45.98390],[51.54085,45.98328],[51.54096,45.97977],[51.54095,45.97969],[51.54079,45.97971],[51.54065,45.97966],[51.54006,45.97917],[51.54053,45.97614],[51.53966,45.97539],[51.53926,45.97658]', 900, 1551010231, 1, 0, 1497628800, 2097639600, 0, 0);

-- --------------------------------------------------------

--
-- Table structure for table `geo`
--

CREATE TABLE IF NOT EXISTS `geo` (
  `p_uniq` int(10) unsigned NOT NULL,
  `geo_ip` int(11) unsigned NOT NULL,
  `geo_coords` varchar(255) COLLATE utf8_unicode_ci NOT NULL,
  `geo_date` int(10) unsigned NOT NULL
) ENGINE=InnoDB DEFAULT CHARSET=utf8 COLLATE=utf8_unicode_ci;

--
-- Dumping data for table `geo`
--

INSERT INTO `geo` (`p_uniq`, `geo_ip`, `geo_coords`, `geo_date`) VALUES
(1001, 1333675347, '[51.61027,45.89936]', 1497493660),
(1001, 1333675347, '[51.51898,46.02327]', 1497493663),
(1001, 1333675347, '[51.51898,46.02327]', 1497493695),
(1001, 1333675347, '[51.51900,46.02348]', 1497558366),
(1001, 1333675347, '[51.61027,45.89936]', 1497558371),
(1001, 1486073416, '[51.61027,45.89936]', 1497558378),
(1092, 1486073416, '[51.61027,45.89936]', 1497558524),
(1001, 1333675347, '[51.61027,45.89936]', 1497558619),
(1001, 1333675347, '[51.61027,45.89936]', 1497558628),
(1001, 1333675347, '[51.61027,45.89936]', 1497558659),
(1094, 1486073416, '[51.61027,45.89936]', 1497558681),
(1092, 1486073416, '[51.61027,45.89936]', 1497558690),
(1001, 1333675347, '[51.51898,46.02328]', 1497558691),
(1001, 1333675347, '[51.51892,46.02316]', 1497558725),
(1001, 1333675347, '[51.51892,46.02317]', 1497558753),
(1092, 1486073416, '[51.61027,45.89936]', 1497558793),
(1001, 1333675347, '[51.51892,46.02315]', 1497558857),
(1092, 1486073416, '[51.61027,45.89936]', 1497558866),
(1001, 1333675347, '[51.51892,46.02315]', 1497558877),
(1001, 1333675347, '[51.51898,46.02327]', 1497558895),
(1092, 1486073416, '[51.61027,45.89936]', 1497558927),
(1092, 1486073416, '[51.61027,45.89936]', 1497558932),
(1001, 1333675347, '[51.51898,46.02329]', 1497559075),
(1001, 1333675347, '[51.51898,46.02328]', 1497559349),
(1092, 1486073416, '[51.61027,45.89936]', 1497559440),
(1001, 1333675347, '[51.51892,46.02317]', 1497564873),
(1001, 1333675347, '[51.51898,46.02328]', 1497566766),
(1001, 1486073416, '[51.61027,45.89936]', 1497566781),
(1001, 1333675347, '[51.51898,46.02328]', 1497566791),
(1001, 1486073416, '[51.61027,45.89936]', 1497566862),
(1001, 1486073416, '[51.61027,45.89936]', 1497566884),
(1001, 1486073416, '[51.61027,45.89936]', 1497566913),
(1001, 1486073416, '[51.61027,45.89936]', 1497566918),
(1001, 1486073416, '[51.61027,45.89936]', 1497566923),
(1001, 1486073416, '[51.61027,45.89936]', 1497566942),
(1001, 1486073416, '[51.61027,45.89936]', 1497567004),
(1001, 1333675347, '[51.61027,45.89936]', 1497567329),
(1001, 1486073416, '[51.61027,45.89936]', 1497567347),
(1001, 1486073416, '[51.61027,45.89936]', 1497567379),
(1001, 1486073416, '[51.61027,45.89936]', 1497567383),
(1001, 1333675347, '[51.51892,46.02316]', 1497567395),
(1001, 1333675347, '[51.51892,46.02317]', 1497567398),
(1001, 1486073416, '[51.61027,45.89936]', 1497567405),
(1001, 1486073416, '[51.61027,45.89936]', 1497567484),
(1001, 1486073416, '[51.61027,45.89936]', 1497567601),
(1001, 1333675347, '[51.51898,46.02327]', 1497567725),
(1001, 1333675347, '[51.51898,46.02328]', 1497567728),
(1001, 1333675347, '[51.51898,46.02327]', 1497567732),
(1001, 1333675347, '[51.51898,46.02327]', 1497567734),
(1001, 1333675347, '[51.51892,46.02317]', 1497567856),
(1001, 1486073416, '[51.61027,45.89936]', 1497568069),
(1001, 1486073416, '[51.61027,45.89936]', 1497568410),
(1001, 1333675347, '[51.51898,46.02327]', 1497619539),
(1001, 1435240358, '[51.50924,45.99171]', 1497630874),
(1001, 1333675347, '[51.51898,46.02328]', 1497643876);

-- --------------------------------------------------------

--
-- Table structure for table `hash`
--

CREATE TABLE IF NOT EXISTS `hash` (
  `text` varchar(255) COLLATE utf8_unicode_ci NOT NULL,
  `hash` varchar(255) COLLATE utf8_unicode_ci NOT NULL
) ENGINE=InnoDB DEFAULT CHARSET=utf8 COLLATE=utf8_unicode_ci;

--
-- Dumping data for table `hash`
--

INSERT INTO `hash` (`text`, `hash`) VALUES
('123123', '601f1889667efaebb33b8c12572835da3f027f78'),
('123456', '7c4a8d09ca3762af61e59520943dc26494f8941b'),
('212322', '3ff080ce548b49c6e7cafb76b7d90519ed25e87b');

-- --------------------------------------------------------

--
-- Table structure for table `players`
--

CREATE TABLE IF NOT EXISTS `players` (
  `p_uniq` int(10) unsigned NOT NULL,
  `id` int(10) unsigned NOT NULL,
  `pass` varchar(255) COLLATE utf8_unicode_ci NOT NULL,
  `admin` tinyint(3) unsigned NOT NULL,
  `car_mark` int(10) unsigned NOT NULL,
  `car_model` varchar(255) COLLATE utf8_unicode_ci NOT NULL,
  `car_color` varchar(255) COLLATE utf8_unicode_ci NOT NULL,
  `car_number` varchar(255) COLLATE utf8_unicode_ci NOT NULL,
  `team_name` varchar(255) COLLATE utf8_unicode_ci NOT NULL,
  `mobile_number` varchar(255) COLLATE utf8_unicode_ci NOT NULL,
  `game` int(10) unsigned NOT NULL,
  `bonus_points` tinyint(4) NOT NULL,
  `date_reg` int(10) unsigned NOT NULL,
  `ip_reg` int(11) NOT NULL,
  `player_status` int(10) unsigned NOT NULL COMMENT '0 - не подтвержден; 1 - вне игры; 2 - заяц; 3 - охотник',
  `hide_coords` varchar(255) COLLATE utf8_unicode_ci NOT NULL
) ENGINE=InnoDB AUTO_INCREMENT=1093 DEFAULT CHARSET=utf8 COLLATE=utf8_unicode_ci;

--
-- Dumping data for table `players`
--

INSERT INTO `players` (`p_uniq`, `id`, `pass`, `admin`, `car_mark`, `car_model`, `car_color`, `car_number`, `team_name`, `mobile_number`, `game`, `bonus_points`, `date_reg`, `ip_reg`, `player_status`, `hide_coords`) VALUES
(1001, 0, '3535', 1, 23, 'Solaris', 'Серый', 'В099ХС 64', 'Администратор (Саратов)', '+7 (987) 830-30-16', 7, 0, 1480170673, 1333677592, 2, '[51.50982,45.98978]'),
(1002, 0, '3535', 0, 23, 'Solaris', 'Серый', 'В099ХС 64', 'Организатор', '+7 (987) 830-30-16', 1, 0, 1480170938, 1333677592, 0, ''),
(1003, 0, '3019', 0, 23, 'Solaris', 'Белый', 'А013ТС 126', 'Организатор', '+7 (928) 364-97-15', 2, 0, 1480171115, 1427814933, 0, ''),
(1004, 0, '3442', 0, 47, 'Logan', 'Бежевый', 'В850ТХ 26', 'Logan', '+7 (938) 301-76-71', 2, 0, 1480171332, 1427814933, 0, ''),
(1005, 0, '9256', 0, 28, '2112', 'серебро', 'М608РК 26', 'вейперы', '+7 (905) 463-34-22', 2, 0, 1480171587, 1433663698, 0, ''),
(1006, 0, '5926', 0, 28, '21074', 'Белый', 'Н978ХО 26', 'Крава лох', '+7 (928) 306-49-48', 2, 0, 1480171815, -1129660200, 0, ''),
(1007, 0, '5058', 0, 28, 'ВАЗ 2107', 'Белый', 'В076ЕТ 26', 'Крава', '+7 (996) 418-86-62', 2, 0, 1480171975, -1129657604, 0, ''),
(1008, 0, '3567', 0, 28, 'ваз 2107', 'вишня', 'М617ТМ 26', 'сенсей и его команда', '+7 (909) 765-62-07', 2, 0, 1480172032, 1433663519, 0, ''),
(1009, 0, '3873', 0, 28, 'Ваз 2109', 'Красный', 'М975ОВ 26', '', '+7 (938) 333-29-05', 2, 0, 1480172112, -1129659179, 0, ''),
(1010, 0, '4545', 0, 28, '2115', 'Нефертити', 'Н870РУ 26', 'Попробуй найти', '+7 (928) 336-25-95', 2, 0, 1480173846, -1190976527, 0, ''),
(1011, 0, '6819', 0, 37, 'E 210', 'Снежка', 'Т236ОВ 93', 'PPG', '+7 (928) 014-32-22', 2, 0, 1480174325, -1129659294, 0, ''),
(1012, 0, '9366', 0, 28, '2107', 'белый', 'А377ТХ 126', 'Пески', '+7 (892) 882-59-79', 2, 0, 1480174906, 1603897090, 0, ''),
(1013, 0, '1045', 0, 28, '2106', 'Магия', 'А047СН 26', '777', '+7 (918) 806-66-43', 2, 0, 1480174945, -1190977013, 0, ''),
(1014, 0, '7064', 0, 28, '2107', 'Белый', 'М385ОМ 26', 'м385ом', '+7 (928) 262-61-93', 2, 0, 1480175071, -1129659667, 0, ''),
(1015, 0, '6529', 0, 48, 'cerato', 'серебристый', 'М284НХ 26', 'иващ', '+7 (988) 767-10-96', 2, 0, 1480175731, -731877964, 0, ''),
(1016, 0, '5912', 0, 6, '3', 'Черный', 'А606МК 164', 'Бумер', '+7 (987) 383-45-34', 1, 0, 1480180116, 1435240230, 2, '[51.57030,46.06602]'),
(1017, 0, '7816', 0, 27, 'Рио', 'Белый', 'К664ТТ 64', 'Йцукенгшщзх', '+7 (927) 166-28-34', 1, 0, 1480180518, 1435239570, 2, '[51.57236,46.06286]'),
(1018, 0, '5646', 0, 28, '2115', 'Серебристый', 'У275ОО 64', 'Marlboro', '+7 (986) 985-88-23', 1, 0, 1480180665, 1435239459, 2, '[51.57350,46.07048]'),
(1019, 0, '4621', 0, 27, 'Picanto', 'Picanto', 'А574КС 164', 'Пивчики', '+7 (908) 555-50-77', 1, 0, 1480180806, -1338283037, 2, '[51.57514,46.06562]'),
(1020, 0, '4005', 0, 47, 'Logan', 'Белый', 'А333ВР 164', 'Пердомудоватые питухи-писосы', '+7 (987) 366-98-56', 1, 0, 1480181532, 1435240202, 2, '[51.57408,46.06445]'),
(1021, 0, '3167', 0, 27, 'Cerato', 'Серебристый', 'С224ВМ 64', 'Номера', '+7 (987) 352-65-76', 1, 0, 1480182099, 1435240124, 2, '[51.57506,46.06719]'),
(1022, 0, '4813', 0, 28, '2109', 'серебро', 'В288УВ 64', 'мокрые коленки', '+7 (111) 111-11-11', 1, 0, 1480182462, -646554902, 2, '[51.57345,46.07233]'),
(1023, 0, '9546', 0, 27, 'Рио', 'Белая', 'Т292ЕУ 64', 'Бешеные белки', '+7 (987) 325-37-05', 1, 0, 1480183000, 1427827167, 2, '[51.57722,46.06995]'),
(1024, 0, '9574', 0, 50, '92Х', 'Красный', 'Т373СЕ 64', 'Снежинки', '+7 (937) 225-82-15', 1, 1, 1480183816, 1427827548, 3, ''),
(1027, 0, '2734', 0, 23, 'Solaris', 'Серый', 'В099ХС 64', 'четыресловавсекапсом', '+7 (987) 830-30-16', 3, 0, 1480780411, 1333677592, 1, '[51.53000,46.06633]'),
(1029, 0, '9987', 0, 28, '211p', 'Серебристый', 'М657ОМ 64', 'Luxe', '+7 (917) 314-38-83', 3, 0, 1480785207, -1130220359, 3, '[51.53515,46.05950]'),
(1030, 0, '1402', 0, 22, 'Civic', 'Черный', 'А051АР 164', 'Avto GOST', '+7 (903) 020-97-54', 3, 0, 1480785229, -646554952, 3, '[51.53358,46.06136]'),
(1031, 0, '6096', 0, 28, 'Гранта', 'Серебристая', 'А322РС 164', 'БорАкуДА', '+7 (987) 318-79-92', 3, 0, 1480785234, 1435239740, 3, '[51.53212,46.06095]'),
(1032, 0, '6041', 0, 28, '2114', 'Черный', 'Х901КР 64', 'Фин', '+7 (999) 180-19-78', 3, 0, 1480785291, -1130220393, 3, '[51.53528,46.06045]'),
(1033, 0, '4164', 0, 28, '21099', 'Серебристый', 'В121МА 64', 'Бродяги', '+7 (951) 888-88-63', 3, 0, 1480785324, 1402278870, 1, '[51.53096,46.06271]'),
(1034, 0, '5124', 0, 28, '2109', 'Серебристая', 'О176РР 64', '&quot;Омерзительная девятка&quot;', '+7 (953) 636-87-70', 3, 0, 1480785346, -1338280669, 3, '[51.53529,46.05736]'),
(1035, 0, '8634', 0, 23, 'Акцент', 'Серебристый', 'А153КН 164', 'Куропаточные лососи', '+7 (908) 555-50-77', 3, 0, 1480785420, -1338280795, 2, '[51.53089,46.06704]'),
(1036, 0, '7875', 0, 28, '2114', 'Серебристый', 'М494ЕН 163', 'Мы из села Поздюнивка', '+7 (937) 962-36-66', 3, 0, 1480785434, 1435239476, 1, '[51.53203,46.06193]'),
(1037, 0, '4672', 0, 23, 'Solaris', 'Белый', 'А900ОТ 164', '7 д', '+7 (927) 222-99-53', 3, 0, 1480785619, 1435240400, 3, ''),
(1038, 0, '9400', 0, 28, '2114', 'кварц', 'Т637МР 64', 'АСЫ', '+7 (937) 149-60-90', 3, 0, 1480785708, 1427827060, 1, '[51.53063,46.06763]'),
(1039, 0, '2006', 0, 27, 'RIO', 'Черный', 'Т330МС 64', 'Кефирчик', '+7 (111) 111-11-11', 3, 0, 1480786423, -646554978, 2, '[51.53128,46.06688]'),
(1040, 0, '1024', 0, 37, 'C-class', 'Белый', 'М069ММ 95', 'Qwerty', '+7 (937) 631-25-30', 3, 0, 1480787019, 1427809425, 2, '[51.53497,46.05926]'),
(1041, 0, '9029', 0, 28, '2109', 'Серебро', 'В288УВ 64', 'Одиночка', '+7 (927) 117-38-82', 3, 0, 1480787226, 1427827279, 3, '[51.53021,46.06728]'),
(1042, 0, '3218', 0, 23, 'Getz', 'Серебристый', 'Р370РЕ 64', 'Гэри', '+7 (965) 888-23-93', 3, 0, 1480792058, -646554896, 0, ''),
(1043, 0, '1951', 0, 28, '2113', 'Белый', 'Х257ТХ 64', 'Тринарь', '+7 (927) 278-77-70', 4, 0, 1481385074, 1427827099, 3, '[51.58902,45.93713]'),
(1044, 0, '2845', 0, 28, 'PriOra', 'Белый', 'Т691МС 64', 'Elshanka GTA Online', '+7 (937) 222-42-64', 4, 0, 1481385114, 1402278841, 3, '[51.58711,45.94023]'),
(1045, 0, '7430', 0, 28, 'Kalina', 'Синий', 'К457ТМ 64', 'Alf and co', '+7 (906) 152-31-97', 4, 0, 1481385266, 1435240100, 3, '[51.59034,45.93012]'),
(1046, 0, '3435', 0, 47, 'Меган', 'Темно серый', 'Х611НА 64', 'Ежи', '+7 (917) 209-70-10', 4, 1, 1481385294, 1435240363, 3, '[51.58924,45.94251]'),
(1047, 0, '7830', 0, 28, '2112', 'Серебристая', 'Н273ЕМ 64', 'Бандерлоги', '+7 (987) 377-98-68', 4, 0, 1481385315, -1338283207, 3, ''),
(1048, 0, '1071', 0, 28, 'Нива', 'Синий', 'Т970МН 64', 'Hunter', '+7 (917) 217-88-17', 4, 0, 1481385425, 1435239670, 3, '[51.59030,45.92912]'),
(1049, 0, '4796', 0, 23, 'Тусон', 'Зелёный', 'В812РК 64', 'Звезда', '+7 (908) 550-07-16', 4, 0, 1481385469, -1338279996, 3, '[51.59168,45.92421]'),
(1050, 0, '3773', 0, 28, '2114', 'Черная', 'О979КЕ 64', 'Импровизация', '+7 (937) 964-77-30', 4, 0, 1481385638, 1435240190, 3, '[51.59011,45.93918]'),
(1051, 0, '6397', 0, 28, 'Гранта', 'Серебристая', 'А322РС 164', 'БорАкуДА', '+7 (987) 318-79-92', 4, 0, 1481385740, -646554976, 3, '[51.58951,45.92835]'),
(1052, 0, '5465', 0, 23, 'Solaris', 'Белый', 'А900ОТ 64', '7 д', '+7 (927) 222-99-53', 4, 0, 1481385906, -1130184683, 3, ''),
(1053, 0, '4061', 0, 41, 'Ad', 'Белый', 'М874ОТ 58', 'Восставшие из ADa', '+7 (908) 555-55-93', 4, 0, 1481385935, -1338283614, 3, '[51.58996,45.93156]'),
(1054, 0, '7648', 0, 22, 'Civic', 'Черный', 'А051АР 164', 'Avto GOST', '+7 (903) 020-97-54', 4, 0, 1481386324, -646554950, 3, '[51.58907,45.94326]'),
(1055, 0, '1946', 0, 11, 'Ланос', 'Бежевый', 'М794НХ 64', 'Шпицы', '+7 (900) 314-48-15', 4, 0, 1481386793, -1338280787, 3, '[51.58964,45.92381]'),
(1056, 0, '7896', 0, 28, 'Ваз 2115', 'Серебристый', 'У275ОО 64', 'Агурбан Бердяев', '+7 (898) 698-58-82', 4, 0, 1481386900, -1338279956, 3, '[51.58904,45.94088]'),
(1057, 0, '8456', 0, 28, '2115', 'чёрный', 'Х462ЕС 64', 'завчик', '+7 (927) 132-37-97', 4, 0, 1481387004, 1427809484, 3, '[51.58956,45.92396]'),
(1058, 0, '1565', 0, 28, '2114', 'Черный', 'М741ОС 64', 'Чёрный Дельфин', '+7 (951) 888-88-63', 4, 0, 1481387012, 1427826736, 3, '[51.58836,45.94129]'),
(1059, 0, '2220', 0, 28, '2109', 'Серебро', 'В288УВ 64', 'Мокрые коленки', '+7 (927) 117-38-82', 4, 0, 1481387203, 1402278852, 1, '[51.58738,45.93441]'),
(1060, 0, '5908', 0, 37, 'C', 'Белый', 'М069ММ 95', '95 хохохо', '+7 (937) 631-25-20', 4, 0, 1481387251, 1427827375, 3, '[51.58958,45.92531]'),
(1061, 0, '4995', 0, 28, '2112', 'Черный', 'Х419ОТ 64', 'Енотики', '+7 (908) 555-40-04', 4, 0, 1481388013, 1435239924, 3, '[51.59048,45.93639]'),
(1062, 0, '8652', 0, 23, 'Getz', 'Скребро', 'Р470РЕ 64', 'Сипсики', '+7 (955) 888-23-93', 4, 0, 1481392047, -646554972, 0, ''),
(1063, 0, '6394', 0, 47, 'Megane', 'Темно серый', 'Х611НА 64', 'Ежи', '+7 (917) 218-30-16', 5, 0, 1481977009, 84145898, 3, '[51.48925,45.91787]'),
(1064, 0, '7217', 0, 28, '2110', 'Белая', 'Р563ОК 64', 'Шарай', '+7 (904) 244-40-10', 5, 0, 1481991527, -646554882, 3, ''),
(1065, 0, '9654', 0, 28, '2114', 'Млечка', 'Н406СХ 64', 'Swag', '+7 (902) 044-87-84', 5, 0, 1481991543, -1338283922, 3, '[51.49140,45.92018]'),
(1066, 0, '1973', 0, 28, '2109', 'Фиолетовый', 'Р638ХК 64', 'Crazy', '+7 (899) 918-43-79', 5, 0, 1481992081, -1130224514, 3, '[51.49098,45.92282]'),
(1067, 0, '8868', 0, 28, '2109', 'Серебро', 'В288УВ 64', 'Одиночка', '+7 (927) 117-38-82', 5, 0, 1481992654, 1427827093, 2, '[51.49048,45.92410]'),
(1068, 0, '1552', 0, 28, 'PrIOrA', 'Белый', 'Т691МС 64', 'GTA ONLINE', '+7 (937) 222-42-64', 5, 0, 1481992661, 1427826853, 3, '[51.49111,45.91635]'),
(1069, 0, '8262', 0, 19, 'Focus', 'Черный', 'Т226МН 33', 'Banda', '+7 (906) 302-81-81', 5, 0, 1481992897, -646554925, 3, '[51.49196,45.92024]'),
(1070, 0, '4577', 0, 41, 'Ad', 'Белый', 'М874ОТ 58', 'Восставшие из ADa', '+7 (908) 555-55-93', 5, 0, 1481993180, -1338283035, 3, '[51.48859,45.92891]'),
(1071, 0, '9113', 0, 15, 'Матиз', 'Золотистый', 'О959КА 64', 'Убийцы Комаров', '+7 (951) 888-88-63', 5, 0, 1481993927, 1427826802, 3, '[51.48771,45.92088]'),
(1072, 0, '3547', 0, 28, '2114', 'Красный', 'Х899ОО 64', 'Заводные апельсины', '+7 (919) 836-51-02', 5, 0, 1481994364, 1435240127, 3, ''),
(1073, 0, '4617', 0, 28, '2115', 'Черный', 'Х462ЕС 64', 'Завчик', '+7 (927) 132-37-97', 5, 0, 1481994558, 1402279186, 2, '[51.48955,45.91609]'),
(1074, 0, '7894', 0, 23, 'Getz', 'Серебристый', 'Р370РЕ 64', 'Админ', '+7 (965) 888-23-93', 5, 0, 1481996046, 1402278863, 1, ''),
(1075, 0, '8192', 0, 27, 'RIO', 'Черный', 'Т330МС 64', 'Кефирчик', '+7 (111) 111-11-11', 5, 0, 1481996152, -646554900, 1, ''),
(1076, 0, '7688', 0, 28, '2109', 'Серебристый', 'О176РР 64', 'Систематические гады', '+7 (999) 539-69-69', 6, 0, 1482593798, -1130224486, 3, '[51.52219,46.00842]'),
(1077, 0, '7999', 0, 28, 'ВАЗ-2114', 'Черная', 'М741ОС 64', 'Черный дельфин', '+7 (965) 887-80-69', 6, 0, 1482594750, -646554916, 3, '[51.52285,46.00878]'),
(1078, 0, '3815', 0, 28, 'Ниватор', 'Синий', 'Т970МН 64', 'hunter', '+7 (917) 217-88-17', 6, 0, 1482595597, 1435239912, 3, '[51.52378,46.00821]'),
(1079, 0, '3829', 0, 28, 'Ваз 2107', 'Синий', 'Р792УА 64', 'GERTZ', '+7 (927) 277-37-79', 6, 0, 1482595619, 1435239838, 3, '[51.52274,46.01120]'),
(1080, 0, '3474', 0, 28, '2109', 'Серебро', 'В288УВ 64', 'Одиночка', '+7 (927) 117-38-82', 6, 0, 1482595890, 1427827051, 3, ''),
(1081, 0, '3179', 0, 28, '2115', 'Черный', 'Х462ЕС 64', 'Завчик', '+7 (927) 132-37-97', 3, 0, 1482596270, 1427826735, 0, ''),
(1082, 0, '8678', 0, 28, '2114', 'серебристая', 'Т008АН 64', 'снеговики', '+7 (905) 383-06-77', 6, 0, 1482596332, -646554970, 3, '[51.52119,46.01170]'),
(1083, 0, '6870', 0, 28, '2112', 'Серебристая', 'Н273ЕМ 64', 'Бандерлоги', '+7 (987) 377-98-68', 6, 0, 1482596341, -1338283861, 3, '[51.52399,46.01466]'),
(1084, 0, '8454', 0, 28, '2115', 'Чёрный', 'Х462ЕС 64', 'Завчик', '+7 (927) 132-37-97', 6, 0, 1482596469, 1427826735, 3, '[51.52278,46.01227]'),
(1085, 0, '1906', 0, 28, 'kalina', 'черника', 'К457ТМ 64', 'ALF i co', '+7 (906) 152-31-97', 6, 0, 1482597141, -646554953, 2, '[51.52406,46.00890]'),
(1086, 0, '6248', 0, 28, '2114', 'Серебристый', 'О112НУ 64', 'Колбаса!', '+7 (937) 964-77-30', 6, 0, 1482597144, 1435240246, 3, ''),
(1087, 0, '3208', 0, 28, '21103', 'Серебристый', 'А263КХ 164', 'Дед мороз', '+7 (926) 167-13-12', 6, 0, 1482597994, -1338283363, 3, '[51.52172,46.00560]'),
(1088, 0, '5088', 0, 23, 'Gery', 'серебро', 'Р370РЕ 64', 'Админ', '+7 (965) 888-23-93', 6, 0, 1482600565, 1427827277, 1, ''),
(1089, 0, '5149', 0, 3, 'ff', 'cc', 'А444АВ 64', 'frgfgfdg', '+7 (917) 455-65-74', 6, 0, 1482917221, -1341161593, 0, ''),
(1090, 0, '5461', 0, 5, 'Continental', 'Красная', 'Х777ЕР 164', 'Без названия', '+7 (987) 777-77-77', 6, 0, 1484411541, -1338283290, 0, ''),
(1091, 0, '9069', 0, 1, 'lololo', 'красный', 'А999АА 64', 'test', '+7 (123) 123-12-31', 9, 0, 1551009867, 1435238597, 1, '[51.53861,45.98293]'),
(1092, 0, '1741', 0, 4, 'qwe', 'зеленый', 'А456АА 64', 'qwe', '+7 (123) 125-12-31', 9, 0, 1551010130, 1435238597, 3, '');

-- --------------------------------------------------------

--
-- Table structure for table `profiles`
--

CREATE TABLE IF NOT EXISTS `profiles` (
  `id` int(10) unsigned NOT NULL,
  `name` varchar(255) COLLATE utf8_unicode_ci NOT NULL
) ENGINE=InnoDB DEFAULT CHARSET=utf8 COLLATE=utf8_unicode_ci;

--
-- Dumping data for table `profiles`
--

INSERT INTO `profiles` (`id`, `name`) VALUES
(7, 'Владимир');

--
-- Indexes for dumped tables
--

--
-- Indexes for table `accounts`
--
ALTER TABLE `accounts`
  ADD PRIMARY KEY (`id`);

--
-- Indexes for table `cars_marks`
--
ALTER TABLE `cars_marks`
  ADD PRIMARY KEY (`car_mark`);

--
-- Indexes for table `games`
--
ALTER TABLE `games`
  ADD PRIMARY KEY (`game`);

--
-- Indexes for table `hash`
--
ALTER TABLE `hash`
  ADD PRIMARY KEY (`text`);

--
-- Indexes for table `players`
--
ALTER TABLE `players`
  ADD PRIMARY KEY (`p_uniq`);

--
-- Indexes for table `profiles`
--
ALTER TABLE `profiles`
  ADD PRIMARY KEY (`id`);

--
-- AUTO_INCREMENT for dumped tables
--

--
-- AUTO_INCREMENT for table `accounts`
--
ALTER TABLE `accounts`
  MODIFY `id` int(11) unsigned NOT NULL AUTO_INCREMENT,AUTO_INCREMENT=11;
--
-- AUTO_INCREMENT for table `cars_marks`
--
ALTER TABLE `cars_marks`
  MODIFY `car_mark` int(10) unsigned NOT NULL AUTO_INCREMENT,AUTO_INCREMENT=61;
--
-- AUTO_INCREMENT for table `games`
--
ALTER TABLE `games`
  MODIFY `game` int(10) unsigned NOT NULL AUTO_INCREMENT,AUTO_INCREMENT=10;
--
-- AUTO_INCREMENT for table `players`
--
ALTER TABLE `players`
  MODIFY `p_uniq` int(10) unsigned NOT NULL AUTO_INCREMENT,AUTO_INCREMENT=1093;
/*!40101 SET CHARACTER_SET_CLIENT=@OLD_CHARACTER_SET_CLIENT */;
/*!40101 SET CHARACTER_SET_RESULTS=@OLD_CHARACTER_SET_RESULTS */;
/*!40101 SET COLLATION_CONNECTION=@OLD_COLLATION_CONNECTION */;
